Unnamed: 0,Reference area,TIME_PERIOD,Average annual gross earnings [ PPP converted],Difficulty making ends meet [Percentage of population aged 16 years or over],Employment rate [Percentage of population aged 25-64 years],Feeling safe at night [Percentage of population aged 15 years or over],Households and NPISHs net adjusted disposable income per capita [ PPP converted],Housing affordability [Percentage of household gross adjusted disposable income],Life expectancy at birth [Years],Life satisfaction [0-10 scale],Long-term unemployment rate [Percentage of labour force],Social support [Percentage of population aged 15 years or over],Student reading skills [Points]
23,Australia,2006,62769.154,,74.309,63.0,36716.0,80.8464239144,81.0,,0.8819578978,96.1853591889,512.8932915909
24,Australia,2007,64500.872,,75.057,63.0,38144.0,80.8964268222,81.3,,0.8244756756,96.1853591889,513.5624128213001
25,Australia,2008,64995.647,,75.475,63.5,40098.0,81.1855974383,81.4,,0.807027429,94.7713258923,514.2315340517
26,Australia,2009,64406.029,,74.893,63.5,39776.0,80.6204494212,81.5,,0.8357393204,94.7713258923,514.9006552821
27,Australia,2010,66705.582,,75.444,63.5,41406.0,80.8330500738,81.7,,0.9892823526,94.7713258923,513.8684360666334
28,Australia,2011,68914.944,,75.798,65.3333333333,42084.0,80.5510945968,81.9,,0.98445803,94.4150057251,512.8362168511667
29,Australia,2012,69392.868,,75.589,65.3333333333,41572.0,80.0545623236,82.0,,1.013312533,94.4150057251,511.8039976357
30,Australia,2013,69189.387,,75.336,65.3333333333,42081.0,80.1322215913,82.1,,1.1106509409,94.4150057251,508.83618502666667
31,Australia,2014,69877.669,,75.05,63.6666666667,42674.0,80.2220013382,82.3,,1.3618565689,93.5628795368,505.86837241763334
32,Australia,2015,69464.852,,75.58,63.6666666667,42716.0,80.0728861988,82.4,,1.4567299967,93.5628795368,502.9005598086
33,Australia,2016,69806.581,,75.888,63.6666666667,43069.0,80.0577271726,82.4,,1.3934025953,93.5628795368,502.81094797123336
34,Australia,2017,69579.169,,76.38,63.6666666667,43399.0,79.979501148,82.5,,1.3578997436,94.095000821,502.72133613386666
35,Australia,2018,69832.234,,76.917,63.6666666667,43982.0,80.1975387194,82.8,,1.343368105,94.095000821,502.6317242965
36,Australia,2019,70501.846,,77.598,63.6666666667,45273.0,80.6573342446,82.9,7.5,1.2395478944,94.095000821,501.486293222375
37,Australia,2020,71915.394,,76.129,67.6666666667,47039.0,81.0374823109,83.2,7.2,1.3068412847,92.9694706655,500.34086214825004
38,Australia,2021,72716.686,,77.851,67.6666666667,48641.0,81.6531283455,83.3,,1.4979282385,92.9694706655,499.195431074125
39,Australia,2022,71109.992,,79.578,67.6666666667,46375.0,81.032666415,83.2,,0.940274806,92.9694706655,498.05
40,Australia,2023,70422.098,,80.1,67.0,45485.0,80.4740641886,83.0,,0.7322524778,89.3636183725,
44,Austria,2006,69651.63,7.8,72.09,75.0,45186.0,80.5407381449,80.1,,1.4806759903,91.6049182182,490.1939773816
45,Austria,2007,70059.18,10.9,73.36,76.16666666665,46205.0,80.9183867474,80.3,,1.3413049521,91.52884525959999,483.5571956215333
46,Austria,2008,71218.017,14.0,74.34,77.3333333333,46668.0,80.7264356056,80.6,,1.0191233506,91.452772301,476.92041386146667
47,Austria,2009,72435.383,15.4,74.041,77.3333333333,46927.0,80.6919805343,80.5,,1.1681729816,91.452772301,470.2836321014
48,Austria,2010,72103.745,14.4,74.646,77.3333333333,46352.0,80.1800346659,80.7,,1.2468724191,91.452772301,476.72553312286664
49,Austria,2011,71327.643,14.4,74.745,83.0,45582.0,79.6906692922,81.1,,1.2161709866,93.9589030272,483.16743414433336
50,Austria,2012,71731.843,14.0,75.155,83.0,46342.0,79.8114982411,81.1,,1.2309270774,93.9589030272,489.6093351658
51,Austria,2013,71761.772,14.0,75.27,83.0,45159.0,79.2066632087,81.3,7.8100056064,1.3336725501,93.9589030272,488.02808915730003
52,Austria,2014,72033.928,14.9,75.027,80.6666666667,45131.0,79.2580931766,81.6,7.84848774394,1.552969039,91.5153156883,486.4468431488
53,Austria,2015,72558.786,13.4,75.159,80.6666666667,45022.0,79.2105374973,81.3,7.88696988148,1.7012154464,91.5153156883,484.8655971403
54,Austria,2016,73253.777,12.8,75.744,80.6666666667,45586.0,79.3050425241,81.8,7.92545201902,1.9731612971,91.5153156883,484.70792091616664
55,Austria,2017,73263.137,11.5,76.423,84.0,45694.0,79.1502390374,81.7,7.96393415656,1.864470732,92.1018243735,484.55024469203335
56,Austria,2018,73540.157,11.3,77.178,84.0,46107.0,79.3418907548,81.8,8.0024162941,1.4221072354,92.1018243735,484.3925684679
57,Austria,2019,74147.783,10.7,77.654,84.0,46162.0,79.2029613777,82.0,7.998926154966666,1.1440468888,92.1018243735,483.396926350925
58,Austria,2020,74353.046,9.4,76.457,82.3333333333,45404.0,78.7387693976,81.3,7.9954360158333335,1.3345461864,88.6930648755,482.40128423395004
59,Austria,2021,75501.799,10.1,76.428,82.3333333333,47037.0,78.9315567186,81.3,7.9919458767,1.9759346218,88.6930648755,481.405642116975
60,Austria,2022,73761.494,11.9,78.006,82.3333333333,47149.0,79.227485712,81.4,7.8826444055,1.2140896407,88.6930648755,480.41
61,Austria,2023,73585.512,13.6,77.92,83.0,46610.0,79.3439751966,81.9,7.696147497,1.1559282873,89.6883561137,
65,Belgium,2006,71462.223,16.5,68.496,68.5,40844.0,81.5416206117,79.5,,4.239453599,92.2557985583,500.9005946813
66,Belgium,2007,71329.639,15.3,69.805,68.5,41511.0,81.9028541332,79.9,,3.7672469613,92.2557985583,502.5823285089
67,Belgium,2008,71637.445,21.4,70.263,65.5,42108.0,81.4789201093,79.8,,3.3253557241,92.2556829548,504.2640623365
68,Belgium,2009,72634.832,21.1,69.756,65.5,42628.0,81.3574050152,80.2,,3.5136158604,92.2556829548,505.9457961641
69,Belgium,2010,72299.056,20.8,70.266,65.5,42090.0,80.1496001068,80.3,,4.0629450383,92.2556829548,506.8364896103
70,Belgium,2011,73038.155,20.9,69.979,64.3333333333,41759.0,79.7568918754,80.7,,3.4711553398,92.2251127146,507.7271830565
71,Belgium,2012,73628.817,22.1,70.05,64.3333333333,41739.0,79.3608437988,80.5,,3.3934007208,92.2251127146,508.6178765027
72,Belgium,2013,74358.208,21.0,70.321,64.3333333333,41596.0,79.3476319554,80.7,7.5289745505,3.9061481878,92.2251127146,505.25331406370003
73,Belgium,2014,74774.678,20.2,70.501,70.6666666667,41720.0,79.8882666752,81.4,7.5391845144400005,4.2912511995,91.7445894772,501.8887516247
74,Belgium,2015,74266.295,20.5,70.282,70.6666666667,41706.0,79.8464339998,81.1,7.54939447838,4.4253156366,91.7445894772,498.5241891857
75,Belgium,2016,74425.268,21.5,70.933,70.6666666667,42092.0,79.9362732432,81.5,7.55960444232,4.0671598469,91.7445894772,496.63760567426664
76,Belgium,2017,73904.426,20.9,71.89,65.6666666667,42538.0,79.9509800914,81.6,7.56981440626,3.4767534478,90.6998144251,494.75102216283335
77,Belgium,2018,74341.899,19.1,72.977,65.6666666667,42873.0,80.0845608292,81.7,7.5800243702,2.9221052714,90.6998144251,492.8644386514
78,Belgium,2019,75073.885,19.1,73.604,65.6666666667,43766.0,80.4111912624,82.1,7.569335507266667,2.3530720401,90.6998144251,489.36082898855
79,Belgium,2020,72792.596,16.8,73.468,65.6666666667,43700.0,80.6831223978,80.8,7.558646644333334,2.334372549,90.8298792149,485.85721932570004
80,Belgium,2021,75091.965,15.6,74.057,65.6666666667,44861.0,80.3704920239,81.9,7.5479577814,2.6235432229,90.8298792149,482.35360966285003
81,Belgium,2022,73530.44,16.7,75.41,65.6666666667,44467.0,79.6440377201,81.8,7.5772294915,2.3022600074,90.8298792149,478.85
82,Belgium,2023,75661.615,15.5,75.456,71.0,45273.0,80.9073223943,82.5,7.681908677,2.1897782445,90.2144180111,
107,Bulgaria,2006,,71.2,67.366,47.0,11473.0,75.6780967278,72.7,,5.0277087279,80.7402042817,
108,Bulgaria,2007,,68.0,70.794,49.666666666666664,11889.0,75.8114001966,73.0,,4.0844690071,81.02380736126666,
109,Bulgaria,2008,,63.8,72.972,52.333333333333336,13619.0,76.4588139842,73.3,,2.9260228799,81.30741044083334,
110,Bulgaria,2009,,63.1,71.395,55.0,13879.0,76.2892996317,73.7,,2.9798118146,81.5910135204,
111,Bulgaria,2010,,65.0,67.436,55.0,13775.0,75.2195973612,73.8,,4.7726543167,81.5910135204,
112,Bulgaria,2011,,62.4,65.98,56.0,14586.0,75.4110629403,74.2,,6.3471970603,83.2793867313,
113,Bulgaria,2012,,65.9,66.115,56.0,14439.0,73.7640831568,74.4,,6.8437532808,83.2793867313,
114,Bulgaria,2013,,65.2,66.712,56.0,15053.0,75.196283063,74.9,4.7706767102,7.4809588387,83.2793867313,
115,Bulgaria,2014,,63.2,68.352,56.0,15112.0,76.3502133656,74.5,4.88773127562,6.9683826451,89.9007832032,
116,Bulgaria,2015,,64.0,70.363,56.0,15503.0,76.1683084474,74.7,5.00478584104,5.6582079585,89.9007832032,
117,Bulgaria,2016,,61.7,70.801,56.0,16120.0,76.6097430896,74.9,5.12184040646,4.534517756,89.9007832032,
118,Bulgaria,2017,,58.4,74.117,57.6666666667,16763.0,76.3022573642,74.8,5.23889497188,3.4301232659,93.1428503554,
119,Bulgaria,2018,,55.9,75.329,57.6666666667,18311.0,76.8063270914,75.0,5.3559495373,3.0945028875,93.1428503554,
120,Bulgaria,2019,,50.1,77.678,57.6666666667,18972.0,76.2584904125,75.1,5.458482477466666,2.4022107932,93.1428503554,
121,Bulgaria,2020,,43.7,76.384,65.6666666667,19275.0,77.2799560808,73.3,5.5610154176333335,2.3349509548,91.0492372263,
122,Bulgaria,2021,,37.1,76.493,65.6666666667,20194.0,76.7759882571,71.2,5.6635483578,2.60485492,91.0492372263,
123,Bulgaria,2022,,40.3,78.859,65.6666666667,20998.0,76.6188506286,74.2,5.5609930211,2.2712359634,91.0492372263,
128,Canada,2006,59258.083,,76.155,77.5,34008.0,77.7195203271,80.7,,0.5380142229,95.8496554782,527.0112955884
129,Canada,2007,60840.573,,76.631,77.5,34839.0,77.5774454087,80.7,,0.4376312098,95.04950129005,526.0881415
130,Canada,2008,61908.661,,76.63,77.3333333333,35784.0,77.6687075237,80.8,,0.4281117444,94.2493471019,525.1649874116
131,Canada,2009,62311.323,,75.122,77.3333333333,36104.0,77.8921056383,81.2,8.0,0.6438501283,94.2493471019,524.2418333232
132,Canada,2010,62422.417,,75.252,77.3333333333,36923.0,78.0754062982,81.4,8.0,0.9698461538,94.2493471019,523.8692232385
133,Canada,2011,63173.717,,75.559,79.6666666667,37141.0,78.1231757054,81.6,8.0,1.0111582992,93.4180978701,523.4966131538
134,Canada,2012,63921.863,,76.015,79.6666666667,37552.0,78.2007515816,81.8,8.0,0.9201119207,93.4180978701,523.1240030691
135,Canada,2013,64599.0,,76.326,79.6666666667,37974.0,78.1180642742,81.8,8.0,0.9123934828,93.4180978701,524.3052705196334
136,Canada,2014,65442.989,,76.009,81.0,38023.0,77.7420968187,81.9,8.0,0.8820651971,92.570264414,525.4865379701666
137,Canada,2015,65924.573,,76.137,81.0,38845.0,77.8039187387,81.9,8.1,0.7887901793,92.570264414,526.6678054207
138,Canada,2016,64675.087,,76.117,81.0,38402.0,77.2696297596,82.0,8.1,0.8183170135,92.570264414,524.4737105970333
139,Canada,2017,65726.977,,76.925,82.3333333333,39325.0,77.5036088343,81.9,8.1,0.7407390728,92.3938938717,522.2796157733667
140,Canada,2018,66959.594,21.9,77.568,82.3333333333,39498.0,77.3838417342,81.9,8.1,0.5769459582,92.3938938717,520.0855209497
141,Canada,2019,67227.517,21.4,78.088,82.3333333333,39882.0,77.2516154287,82.2,8.1,0.4927452423,92.3938938717,516.8466407122751
142,Canada,2020,69662.78,20.9,74.613,77.3333333333,41939.0,78.1033457271,81.6,8.0,0.5040133754,92.7134402267,513.60776047485
143,Canada,2021,70001.671,20.4,77.408,77.3333333333,42265.0,77.7299291309,81.6,7.9,1.2039763113,92.7134402267,510.368880237425
144,Canada,2022,69304.208,,79.252,77.3333333333,41670.0,77.3199954341,81.3,7.5,0.5680146633,92.7134402267,507.13
145,Canada,2023,69299.313,,79.814,74.0,41152.0,77.2761326536,81.7,7.4,0.4535506588,90.0227637785,
170,Colombia,2006,22809.761,,69.416,54.0,,81.6600186145,73.3,,2.4065849520500002,89.7299893171,385.308038471
171,Colombia,2007,23830.082,,68.787,54.0,,82.220145379,73.5,,1.4027069464,89.7299893171,394.59919201726666
172,Colombia,2008,26417.795,,69.285,45.6666666667,,82.3870404629,73.8,,1.2050059381,88.2866642097,403.8903455635333
173,Colombia,2009,27501.048,,70.75,45.6666666667,,82.1961132954,74.0,,1.443535041,88.2866642097,413.1814991098
174,Colombia,2010,28461.265,,72.041,45.6666666667,,81.9794743166,74.3,,1.469031214,88.2866642097,409.92184413216665
175,Colombia,2011,28377.165,,73.044,46.0,,82.388435737,74.5,,1.18438108,90.3359269451,406.66218915453334
176,Colombia,2012,29104.222,,73.695,46.0,,82.3276136382,74.7,,1.0302992075,90.3359269451,403.4025341769
177,Colombia,2013,29850.692,,73.682,46.0,,82.604258016,75.0,,0.8799363761,90.3359269451,410.57007845673337
178,Colombia,2014,29834.603,,73.949,45.3333333333,,82.5496689882,75.2,,0.8783394299,88.9432781267,417.73762273656666
179,Colombia,2015,29932.51,,74.227,45.3333333333,,82.6861678297,75.4,,0.7267114657,88.9432781267,424.9051670164
180,Colombia,2016,29598.443,,73.819,45.3333333333,,82.5162741748,75.7,,0.712458786,88.9432781267,420.7018063420667
181,Colombia,2017,30418.012,,73.417,46.0,,82.7337615793,75.9,,0.8484148057,87.8805038965,416.49844566773334
182,Colombia,2018,31584.761,,72.736,46.0,,82.7129267243,76.5,8.2624974606,1.0273764865,87.8805038965,412.2950849934
183,Colombia,2019,31758.683,,71.401,46.0,,82.6530123425,76.6,8.1553547477,1.2854153951,87.8805038965,411.38881374505
184,Colombia,2020,36133.458,,63.133,45.6666666667,,82.0111703848,76.7,7.9961009,1.1559698822,81.9314673478,410.48254249670003
185,Colombia,2021,32695.881,,66.015,45.6666666667,,82.9262200129,76.8,8.0079579,2.2833122555,81.9314673478,409.57627124835
186,Colombia,2022,29303.999,,69.93,45.6666666667,,84.5745075491,76.9,7.92084445,1.6081186188,81.9314673478,408.67
197,Costa Rica,2012,31245.25,,70.691,47.3333333333,14167.0,80.6133316285,79.4,,1.0110664394,89.0284994459,440.5478107363
198,Costa Rica,2013,33788.905,,70.779,47.3333333333,14379.0,81.7810265233,79.6,,1.0541519185,89.0284994459,436.19438989316666
199,Costa Rica,2014,33972.59,,70.721,46.0,14692.0,81.6322448482,79.7,,1.5564371604,89.2816733214,431.8409690500333
200,Costa Rica,2015,36256.207,,69.537,46.0,15204.0,81.5212297957,79.9,,1.5607967825,89.2816733214,427.4875482069
201,Costa Rica,2016,37745.751,,67.634,46.0,16149.0,82.4595169626,80.0,,1.6162453253,89.2816733214,427.15777380783334
202,Costa Rica,2017,37607.974,,68.622,46.6666666667,17161.0,83.0012871678,80.2,,1.3603402958,89.5883836454,426.82799940876663
203,Costa Rica,2018,38382.49,,69.654,46.6666666667,17462.0,83.2119595868,80.3,,1.5139180877,89.5883836454,426.4982250097
204,Costa Rica,2019,39452.125,,71.059,46.6666666667,17618.0,83.4534035508,80.5,,1.5450582776,89.5883836454,423.681168757275
205,Costa Rica,2020,43228.685,,63.41,48.3333333333,17242.0,83.0823149114,80.6,,1.5195868853,86.4210321799,420.86411250485
206,Costa Rica,2021,42225.891,,66.129,48.3333333333,18061.0,83.3488329458,80.8,,3.4873868643,86.4210321799,418.047056252425
216,Croatia,2010,,52.9,64.517,68.73333333336,18782.0,79.842028376,76.7,,6.6922970976,80.2151885282,
217,Croatia,2011,,51.9,62.57,67.6666666667,18696.0,79.17360419,77.2,,8.5753999122,73.3022240196,
218,Croatia,2012,,55.8,61.135,67.6666666667,18002.0,78.5787150701,77.3,,10.4586193632,73.3022240196,
219,Croatia,2013,,62.5,60.515,67.6666666667,17758.0,77.9553760837,77.8,6.3404621507,11.1865985694,73.3022240196,
220,Croatia,2014,,60.9,62.14,67.3333333333,17969.0,78.6737826509,77.9,6.34025527906,10.2383834858,70.2330754015,
221,Croatia,2015,,54.4,63.501,67.3333333333,17831.0,78.0927223961,77.5,6.34004840742,10.3713601836,70.2330754015,
222,Croatia,2016,,51.4,63.194,67.3333333333,18914.0,78.4890291895,78.2,6.33984153578,6.8209607472,70.2330754015,
223,Croatia,2017,,43.9,65.348,72.6666666667,19342.0,78.5997815113,78.0,6.33963466414,4.6092780895,85.3174122583,
224,Croatia,2018,,42.7,67.371,72.6666666667,20251.0,78.8747081911,78.2,6.3394277925,3.5384564845,85.3174122583,
225,Croatia,2019,,35.5,68.657,72.6666666667,21599.0,79.0746139481,78.6,6.4993122274,2.4920390991,85.3174122583,
226,Croatia,2020,,33.5,69.24,82.0,22004.0,79.6678151283,77.6,6.6591966623,2.1264424426,89.8083636042,
227,Croatia,2021,,27.3,71.17,82.0,24012.0,80.1137052001,76.6,6.8190810972,2.6926236937,89.8083636042,
228,Croatia,2022,,26.6,72.458,82.0,24391.0,79.6203604191,77.7,6.8477479647,2.377264498,89.8083636042,
229,Croatia,2023,,22.0,73.539,73.5,26112.0,80.7715728221,78.6,7.0766311138,2.099531163,89.8684810641,
233,Czechia,2006,29825.319,29.0,73.773,53.0,25982.0,76.4361485154,76.7,,3.9691906656,87.626950868,482.7151620012
234,Czechia,2007,30715.292,26.4,74.489,53.0,26585.0,76.368002075,77.0,,2.8667880187,87.626950868,481.2056814836333
235,Czechia,2008,30879.781,28.2,75.103,55.5,27468.0,76.2423458257,77.3,,2.2305925805,88.96306104109999,479.69620096606667
236,Czechia,2009,30756.05,27.9,73.84,58.0,27178.0,75.1666470551,77.4,,2.1021576483,90.2991712142,478.1867204485
237,Czechia,2010,31700.884,27.5,73.452,58.0,27387.0,73.1997658908,77.7,,3.1917892795,90.2991712142,483.08772643733334
238,Czechia,2011,31959.981,28.3,74.171,60.6666666667,27285.0,73.4030125766,78.0,,2.8253420513,88.0513918879,487.9887324261667
239,Czechia,2012,32018.481,31.1,74.719,60.6666666667,27164.0,73.5505026453,78.1,,3.0568979049,88.0513918879,492.889738415
240,Czechia,2013,31818.34,31.7,75.801,60.6666666667,27084.0,73.3352440555,78.3,6.8799199806,3.1683830206,88.0513918879,491.00987269853334
241,Czechia,2014,32490.151,30.7,76.711,68.3333333333,27784.0,74.3374432884,78.9,6.97433151636,2.7582612882,88.957207954,489.1300069820667
242,Czechia,2015,33445.873,26.6,77.72,68.3333333333,28306.0,73.9788620215,78.7,7.06874305212,2.4788813786,88.957207954,487.2501412656
243,Czechia,2016,34626.923,23.2,79.505,68.3333333333,29059.0,73.7554194109,79.1,7.16315458788,1.7408839729,88.957207954,488.23969912256666
244,Czechia,2017,36395.807,22.0,81.165,72.5,30332.0,73.9430278517,79.1,7.25756612364,1.0579015623,90.4900549683,489.2292569795333
245,Czechia,2018,38323.807,16.2,82.506,72.5,31543.0,73.7688553247,79.1,7.3519776594,0.7244310146,90.4900549683,490.2188148365
246,Czechia,2019,39915.376,13.1,82.835,75.08333333335,32539.0,73.9577679239,79.3,7.323065835133334,0.6231466331,92.32462014075,489.814111127375
247,Czechia,2020,39341.541,12.1,82.472,77.6666666667,33258.0,74.0568951796,78.3,7.2941540108666665,0.5826163986,94.1591853132,489.40940741825
248,Czechia,2021,40135.831,11.4,82.701,77.6666666667,34805.0,74.091281888,77.2,7.2652421866,0.8121953631,94.1591853132,489.004703709125
249,Czechia,2022,37617.582,12.3,84.156,77.6666666667,33879.0,74.0344901009,79.0,7.3848566569,0.7985890828,94.1591853132,488.6
250,Czechia,2023,36949.005,13.4,84.788,75.5,34146.0,75.5955112758,79.9,7.3781102847,0.7655824254,92.9841915738,
251,Czechia,2024,38488.506,14.2,85.498,75.5,34691.0,75.3481990876,,7.3876211977,0.8207008214,92.9841915738,
254,Denmark,2006,64102.136,8.2,80.354,84.0,34092.0,76.3832430942,78.4,,0.7339740301,95.9122654345,494.4829810645
255,Denmark,2007,64827.291,6.5,79.748,84.0,33758.0,76.0095415362,78.4,,0.552095005,95.9122654345,494.6273746024
256,Denmark,2008,65677.609,7.9,79.914,81.0,33621.0,75.7523821635,78.8,,0.3988281753,95.2001700882,494.7717681403
257,Denmark,2009,66793.949,9.2,76.91,81.0,34666.0,76.4083225442,79.0,,0.4443829063,95.2001700882,494.9161616782
258,Denmark,2010,67451.721,8.7,76.005,81.0,35476.0,75.773163319,79.3,,1.3809612206,95.2001700882,495.3210682796667
259,Denmark,2011,67077.854,9.3,76.068,79.6666666667,35823.0,75.8494928835,79.9,,1.7989551567,95.382531024,495.7259748811333
260,Denmark,2012,67055.86,10.6,75.871,79.6666666667,35566.0,75.5527329039,80.2,,2.1235683907,95.382531024,496.1308814826
261,Denmark,2013,67497.153,11.8,76.044,79.6666666667,35559.0,74.8592048538,80.4,8.0107682102,1.8018403145,95.382531024,497.3587823559
262,Denmark,2014,68871.256,11.8,76.388,82.6666666667,35778.0,75.0167121604,80.7,7.96083497602,1.6966117978,95.2793345626,498.5866832292
263,Denmark,2015,69973.719,10.4,77.235,82.6666666667,37073.0,75.4321841832,80.8,7.91090174184,1.5837435233,95.2793345626,499.8145841025
264,Denmark,2016,70638.756,10.0,77.917,82.6666666667,38190.0,75.7408315909,80.9,7.86096850766,1.1571099801,95.2793345626,500.2530339716667
265,Denmark,2017,71066.106,9.4,78.342,85.6666666667,38670.0,75.7502935459,81.1,7.81103527348,1.2023924088,95.5102297619,500.6914838408333
266,Denmark,2018,71592.006,9.3,79.335,85.6666666667,39459.0,75.67479379,81.0,7.7611020393,0.8915823308,95.5102297619,501.12993371
267,Denmark,2019,72106.287,9.4,80.068,85.6666666667,39908.0,75.7208545076,81.5,7.661537290566667,0.7204521128,95.5102297619,498.0474502825
268,Denmark,2020,73125.234,8.5,79.544,86.3333333333,39499.0,74.9872697877,81.6,7.561972541833333,0.8989236168,95.3014878173,494.964966855
269,Denmark,2021,73584.662,8.1,80.741,86.3333333333,40266.0,74.6363955823,81.5,7.4624077931,0.9668250863,95.3014878173,491.8824834275
270,Denmark,2022,71149.429,10.3,81.999,86.3333333333,40314.0,75.2374028438,81.3,7.627750116,0.3319491272,95.3014878173,488.8
271,Denmark,2023,71462.794,13.2,81.459,87.5,40742.0,77.470649427,81.8,7.5001238652,0.392261315,93.7617803114,
272,Denmark,2024,74021.697,12.8,81.527,87.5,40957.0,77.7658283774,,7.5845289062,0.6087857269,93.7617803114,
275,Estonia,2006,24478.224,15.4,78.392,56.0,19077.0,78.9673472842,73.2,,2.943593975,85.4354082154,500.7497617929
276,Estonia,2007,28452.546,11.0,79.232,56.0,20558.0,79.075148107,73.2,,2.3544869906,85.4354082154,500.82046301086666
277,Estonia,2008,28825.241,11.2,79.071,60.0,21986.0,81.6620792631,74.4,,1.7322664916,86.2222084752,500.89116422883336
278,Estonia,2009,28129.372,20.5,72.82,60.0,20470.0,81.6425403895,75.3,,3.7739779738,86.2222084752,500.9618654468
279,Estonia,2010,27819.144,25.5,70.032,60.16666666665,19742.0,80.6746560142,76.0,,7.7248124155,86.97023560195001,506.07263843603334
280,Estonia,2011,27175.801,24.3,73.38,60.3333333333,20436.0,80.984859567,76.6,,7.2035347976,87.7182627287,511.1834114252667
281,Estonia,2012,27586.879,24.1,74.905,60.3333333333,20486.0,79.2381270844,76.7,,5.5693271814,87.7182627287,516.2941844145
282,Estonia,2013,28264.041,23.4,76.105,60.3333333333,21705.0,79.4348850723,77.5,6.4551335228,3.9233569421,87.7182627287,517.2437412766334
283,Estonia,2014,29821.57,19.7,76.744,67.3333333333,22323.0,79.3235679964,77.4,6.5652603146,3.3974585207,90.4767209722,518.1932981387666
284,Estonia,2015,31216.866,16.2,78.444,67.3333333333,23750.0,79.6691216486,78.0,6.6753871064,2.40274292,90.4767209722,519.1428550009
285,Estonia,2016,32810.922,15.4,78.235,67.3333333333,24439.0,79.5785255303,78.0,6.7855138982000005,2.1940052836,90.4767209722,520.43424279
286,Estonia,2017,33537.411,14.3,79.99,72.3333333333,25103.0,79.6995865457,78.4,6.8956406900000005,1.9828755465,91.8760315835,521.7256305791
287,Estonia,2018,35721.443,13.9,80.428,72.3333333333,27045.0,80.5886247161,78.5,7.0057674818,1.3512212526,91.8760315835,523.0170183682
288,Estonia,2019,37497.18,11.2,81.287,72.3333333333,27813.0,80.3555593543,79.0,7.073553799466667,0.9119036862,91.8760315835,520.0202637761499
289,Estonia,2020,39457.72,9.1,80.71,78.0,28641.0,80.9052901558,78.9,7.141340117133334,1.19925985,93.4887706102,517.0235091841
290,Estonia,2021,41669.419,7.8,81.002,78.0,29803.0,80.1363599366,77.2,7.2091264348,1.6390792461,93.4887706102,514.02675459205
291,Estonia,2022,38592.076,9.5,83.453,78.0,28918.0,76.9387297518,78.1,7.1565139309,1.311110248,93.4887706102,511.03
292,Estonia,2023,38139.995,11.6,83.592,84.0,27863.0,76.471093314,79.1,7.1705450094,1.3791376628,93.3480595985,
296,Finland,2006,55832.155,8.0,75.439,79.0,35573.0,79.016606686,79.5,,1.8326444662,95.5803743612,546.8682813226
297,Finland,2007,56578.255,7.6,76.006,77.75,36563.0,79.2898632651,79.6,,1.5686808511,94.71453168535001,543.2048490568333
298,Finland,2008,57062.003,8.1,76.936,76.5,37220.0,79.4511678101,79.9,,1.1514486581,93.8486890095,539.5414167910667
299,Finland,2009,57554.528,6.8,75.199,76.5,37355.0,79.3983960223,80.1,,1.3802702089,93.8486890095,535.8779845253
300,Finland,2010,58350.533,6.9,74.62,76.5,38283.0,79.0033131859,80.2,,1.9927914247,93.8486890095,531.9258796091
301,Finland,2011,58367.329,7.4,75.373,78.6666666667,38473.0,78.8000275065,80.6,,1.7607679,92.7486076417,527.9737746929001
302,Finland,2012,58413.308,7.1,75.585,78.6666666667,38235.0,78.4570819738,80.7,,1.6633440078,92.7486076417,524.0216697767
303,Finland,2013,57831.072,6.9,75.035,78.6666666667,37938.0,78.1934306569,81.1,8.0458559898,1.7392245646,92.7486076417,524.8226955465
304,Finland,2014,57810.162,7.4,74.824,83.0,37665.0,77.6948846798,81.3,8.05805370088,1.9900310881,94.6267995812,525.6237213163
305,Finland,2015,58263.321,7.0,74.718,83.0,38137.0,77.417036514,81.6,8.07025141196,2.3599537849,94.6267995812,526.4247470861
306,Finland,2016,58774.142,6.9,75.08,83.0,38638.0,77.019690664,81.5,8.08244912304,2.3554978158,94.6267995812,524.3094141212999
307,Finland,2017,58437.299,6.7,75.911,86.6666666667,38934.0,76.8277374931,81.7,8.094646834119999,2.1636923556,95.1069675182,522.1940811565
308,Finland,2018,58869.605,6.1,78.046,86.6666666667,39625.0,76.9948351305,81.8,8.1068445452,1.6811855441,95.1069675182,520.0787481917
309,Finland,2019,59719.832,6.4,78.935,86.6666666667,40482.0,77.1809335537,82.1,8.0861312953,1.2445568091,95.1069675182,512.614061143775
310,Finland,2020,60043.151,6.8,78.557,87.0,40463.0,76.943402564,82.0,8.0654180454,1.2452756151,96.7351259488,505.14937409585
311,Finland,2021,62132.388,5.9,78.72,87.0,41037.0,76.7872256694,81.9,8.0447047955,1.7699096983,96.7351259488,497.684687047925
312,Finland,2022,60104.436,6.1,80.184,87.0,40146.0,76.6142493192,81.2,7.8719903962,1.4879224473,96.7351259488,490.22
313,Finland,2023,59420.701,7.5,79.989,86.5,41001.0,78.0123059174,81.6,7.7212423365,1.554012423,95.4165484539,
314,Finland,2024,59596.576,8.9,78.829,86.5,41507.0,78.6974905997,,7.8203191245,1.6323355521,95.4165484539,
317,France,2006,54878.616,15.8,71.286,69.5,38133.0,79.0770323479,80.9,,3.58715811,93.7061317943,487.7062469339
318,France,2007,55079.217,16.1,71.645,69.5,39035.0,79.2373281936,81.3,,3.0942708368,93.7061317943,490.343011777
319,France,2008,54973.952,15.9,72.194,63.6666666667,39025.0,79.149890696,81.4,,2.691674597,92.7246585146,492.9797766201
320,France,2009,56721.996,19.1,71.306,63.6666666667,39585.0,79.0240629273,81.5,,3.1186671006,92.7246585146,495.6165414632
321,France,2010,57867.381,20.2,71.248,63.6666666667,40067.0,78.9167136537,81.8,,3.626479917,92.7246585146,498.90485541926665
322,France,2011,57763.65,19.7,71.171,65.6666666667,40097.0,78.8952863338,82.3,,3.7214768236,91.985027576,502.19316937533335
323,France,2012,58139.541,19.5,71.513,65.6666666667,39996.0,78.4670463209,82.1,,3.8701703961,91.985027576,505.4814833314
324,France,2013,58637.643,20.7,71.546,65.6666666667,39617.0,77.9729637258,82.4,7.0531889489,4.1716773363,91.985027576,503.4230361883
325,France,2014,59043.357,20.7,71.737,69.6666666667,39990.0,78.1595844612,82.9,7.09342883628,4.3877084036,88.3784517666,501.36458904520003
326,France,2015,59600.312,19.9,71.844,69.6666666667,40237.0,78.0231878818,82.4,7.13366872366,4.4482731215,88.3784517666,499.3061419021
327,France,2016,60284.45,19.2,72.328,69.6666666667,40717.0,78.0381076788,82.7,7.17390861104,4.4680655329,88.3784517666,497.07292100033334
328,France,2017,61120.078,18.1,72.878,73.3333333333,41231.0,78.2860070005,82.7,7.214148498419999,4.148059222,93.1064163906,494.8397000985667
329,France,2018,61041.792,18.3,73.473,73.3333333333,41372.0,78.3287618872,82.8,7.2543883858,3.667772423,93.1064163906,492.6064791968
330,France,2019,61631.808,16.8,73.853,73.3333333333,42051.0,78.4674713151,83.0,7.100373231033333,3.2817687881,93.1064163906,487.9173593976
331,France,2020,58590.773,18.5,73.915,74.3333333333,41294.0,78.5550956441,82.3,6.946358076266667,2.9430462494,90.77776803,483.2282395984
332,France,2021,60900.747,16.6,75.389,74.3333333333,42918.0,78.672009252,82.4,6.7923429215,2.3377423363,90.77776803,478.5391197992
333,France,2022,61156.437,21.7,76.045,74.3333333333,43085.0,79.0985493266,82.3,6.9669646335,2.0193037977,90.77776803,473.85
334,France,2023,60140.542,22.1,76.38,73.0,43435.0,79.6755652156,83.0,7.1474378325,1.8137864381,87.1300047697,
338,Germany,2006,60537.007,8.1,72.18,73.5,42288.0,79.4211134142,79.9,,5.8036354095,94.0525500406,494.944417932
339,Germany,2007,60353.389,6.1,73.992,73.5,42500.0,79.7272340266,80.1,,4.8964801055,94.0525500406,495.73129796303334
340,Germany,2008,60623.392,6.7,75.039,73.0,42869.0,79.4206183268,80.2,,3.9468749763,92.5068984479,496.51817799406666
341,Germany,2009,60635.353,10.3,75.382,73.0,43020.0,79.3721532476,80.3,,3.5198550124,92.5068984479,497.3050580251
342,Germany,2010,61167.671,8.9,76.15,73.0,43421.0,79.2612278464,80.5,,3.3540647249,92.5068984479,500.7622152308667
343,Germany,2011,62400.788,9.4,77.674,77.3333333333,43933.0,79.4310286333,80.6,,2.8125570958,93.1468322202,504.2193724366333
344,Germany,2012,63233.321,9.2,78.202,77.3333333333,44117.0,79.1804516078,80.7,,2.4634674209,93.1468322202,507.6765296424
345,Germany,2013,63828.7,9.1,78.649,77.3333333333,44064.0,79.0653373679,80.6,7.2543085296,2.3639117334,93.1468322202,508.15239931786664
346,Germany,2014,64898.733,8.5,79.097,76.0,44664.0,79.5890018655,81.2,7.27507279638,2.232601031,91.9690294399,508.62826899333334
347,Germany,2015,66389.948,7.6,79.362,76.0,45527.0,79.9306524114,80.7,7.2958370631600005,2.0601031068,91.9690294399,509.1041386688
348,Germany,2016,67409.631,6.9,80.081,76.0,46514.0,80.186362573,81.0,7.31660132994,1.7172176449,91.9690294399,505.49584476136664
349,Germany,2017,68117.688,6.1,80.64,71.3333333333,47141.0,80.4590022314,81.1,7.337365596720001,1.5957400184,89.0081126555,501.88755085393336
350,Germany,2018,69070.405,5.9,81.303,71.3333333333,48001.0,80.81934715,81.0,7.3581298635,1.4177445101,89.0081126555,498.2792569465
351,Germany,2019,70225.225,5.1,81.953,71.3333333333,48555.0,80.8127106722,81.3,7.2895935265,1.2153197688,89.0081126555,493.656942709875
352,Germany,2020,69750.812,5.7,80.505,75.3333333333,48861.0,80.5586462774,81.1,7.221057189500001,1.1493696887,89.4213436483,489.03462847325
353,Germany,2021,69828.515,6.7,80.628,75.3333333333,49278.0,80.6561742285,80.8,7.1525208525,1.2126518315,89.4213436483,484.41231423662504
354,Germany,2022,68225.562,8.5,81.662,75.3333333333,49557.0,81.1060464869,80.7,6.522345927,1.0838947387,89.4213436483,479.79
355,Germany,2023,68104.229,9.7,82.122,76.0,48987.0,81.3842148075,81.1,6.9830359924,0.9715744459,89.71993174,
356,Germany,2024,69433.062,7.3,82.39,76.0,49850.0,81.9164618874,,6.9830583137,0.9462999532,89.71993174,
359,Greece,2006,41594.07,52.6,68.543,60.5,31498.0,81.424759679,79.9,,4.9524364042,81.4500718594,459.711184693
360,Greece,2007,41601.751,52.4,68.672,60.5,32456.0,81.4796411131,79.7,,4.2377337366,81.4500718594,467.3995370613
361,Greece,2008,40957.926,54.5,69.122,58.0,33468.0,80.5114387103,80.2,,3.7128835712,82.00495377995,475.0878894296
362,Greece,2009,42891.359,57.0,68.348,55.5,33372.0,80.3924081189,80.4,,3.9529381608,82.5598357005,482.7762417979
363,Greece,2010,40933.437,58.4,66.605,55.5,29703.0,78.778327424,80.6,,5.7736566801,82.5598357005,480.9165533990333
364,Greece,2011,38335.701,62.6,62.466,51.0,26064.0,76.1980447504,80.8,,8.9580419537,78.0013698994,479.0568650001667
365,Greece,2012,36104.342,73.1,57.892,51.0,22760.0,74.8727029183,80.7,,14.6055377453,78.0013698994,477.1971766013
366,Greece,2013,33745.986,78.3,55.643,51.0,21643.0,75.0187746593,81.4,6.1600323929,18.6153396733,78.0013698994,473.8112970381333
367,Greece,2014,33606.424,78.1,56.045,62.0,22530.0,76.7391486039,81.5,6.215563181,19.6477939212,82.2602538988,470.42541747496665
368,Greece,2015,33936.951,77.7,57.644,62.0,22775.0,76.4713549766,81.1,6.2710939691,18.3702424964,82.2602538988,467.0395379118
369,Greece,2016,33157.589,76.8,59.101,62.0,22945.0,76.324153864,81.5,6.3266247572,17.064124223,82.2602538988,463.8311568631
370,Greece,2017,33370.147,77.2,60.553,56.6666666667,23351.0,76.4124257163,81.4,6.3821555453,15.7608073477,80.9771264191,460.62277581440003
371,Greece,2018,31829.651,74.1,62.288,56.6666666667,23172.0,76.2457426987,81.9,6.4376863334,13.6943395122,80.9771264191,457.4143947657
372,Greece,2019,31882.627,71.0,64.101,56.6666666667,24983.0,76.8167186071,81.7,6.547105066466667,12.2567852999,80.9771264191,452.670796074275
373,Greece,2020,31976.297,69.8,64.043,66.3333333333,24426.0,75.2878750429,81.4,6.656523799533333,10.9675192528,83.3448182558,447.92719738285
374,Greece,2021,32289.469,71.0,65.389,66.3333333333,26744.0,75.8108944648,80.2,6.7659425326,9.2827019884,83.3448182558,443.183598691425
375,Greece,2022,31456.577,68.4,69.07,66.3333333333,27033.0,74.9835595411,80.8,6.7307896823,7.7714584938,83.3448182558,438.44
376,Greece,2023,31597.68,67.0,70.04,64.0,28112.0,76.3264051135,81.8,6.8624746368,6.2501948976,81.1864005228,
380,Hungary,2006,27877.907,37.1,65.417,59.0,21161.0,80.9669030651,73.5,,3.4871031978,92.4945096757,482.3745174753
381,Hungary,2007,27670.672,40.9,65.055,59.0,20241.0,80.3396581517,73.6,,3.5404523353,92.4945096757,486.30926273433334
382,Hungary,2008,28055.994,44.1,64.359,56.0,19914.0,79.6970862968,74.2,,3.7229095807,89.1585489002,490.24400799336667
383,Hungary,2009,26452.704,55.0,65.608,56.0,19225.0,78.9247890591,74.4,,4.0436663153,89.1585489002,494.1787532524
384,Hungary,2010,26802.232,56.8,65.299,56.0,19167.0,77.8611728782,74.7,,5.3235548393,89.1585489002,492.2729468151333
385,Hungary,2011,27148.976,57.6,65.901,54.3333333333,19903.0,78.8888151539,75.1,,5.1109047189,88.7436623394,490.3671403778667
386,Hungary,2012,26244.593,58.1,67.034,54.3333333333,19452.0,79.0680334218,75.3,,4.8618754149,88.7436623394,488.4613339406
387,Hungary,2013,25976.842,54.9,68.384,54.3333333333,19911.0,80.2300530379,75.8,6.1127915586,4.818632764,88.7436623394,482.14864191763337
388,Hungary,2014,25636.604,49.5,71.781,50.6666666667,20506.0,81.2504334087,76.0,6.19148760366,3.5861123088,84.2019377351,475.83594989466667
389,Hungary,2015,25835.254,46.6,73.891,50.6666666667,21309.0,81.1082129573,75.7,6.27018364872,3.0392004901,84.2019377351,469.5232578717
390,Hungary,2016,26069.948,42.8,76.436,50.6666666667,22259.0,80.8862328809,76.2,6.34887969378,2.3280556169,84.2019377351,471.6777293308
391,Hungary,2017,27955.618,41.2,78.031,64.0,23544.0,81.0873723577,76.0,6.42757573884,1.6479403594,91.5134375342,473.8322007899
392,Hungary,2018,29318.328,34.7,77.012,64.0,25179.0,81.2092139437,76.2,6.5062717839,1.4388084763,91.5134375342,475.986672249
393,Hungary,2019,30298.509,28.0,78.071,64.0,26702.0,80.7888377969,76.5,6.520000845666667,1.0998043225,91.5134375342,475.23250418675
394,Hungary,2020,30821.627,27.9,77.695,73.6666666667,26490.0,80.2562016517,75.5,6.533729907433333,1.1319336756,93.9115703893,474.4783361245
395,Hungary,2021,31645.722,26.2,81.647,73.6666666667,28398.0,80.7623885454,74.1,6.5474589692,1.2635889456,93.9115703893,473.72416806225
396,Hungary,2022,32759.474,22.1,83.193,73.6666666667,29686.0,80.1669308945,76.0,6.8524802497,1.2431331092,93.9115703893,472.97
397,Hungary,2023,32474.997,22.7,83.815,73.5,30549.0,81.756776889,76.7,7.2,1.4422320963,94.8834002505,
403,Iceland,2008,73566.242,9.5,85.646,77.0,,,81.6,,0.1297283092,97.6250974811,495.0039701864667
404,Iceland,2009,62183.343,16.9,81.379,77.5,,,81.8,,0.5464317926,97.379871052675,500.2833192979
405,Iceland,2010,64060.544,25.8,81.321,78.0,,,81.9,,1.6407258745,97.13464462425,494.3630262044333
406,Iceland,2011,66793.687,24.8,81.22,78.5,,,82.4,,1.9985319305,96.889418195825,488.4427331109667
407,Iceland,2012,66427.118,23.2,81.782,79.0,,,83.0,,1.7370469043,96.6441917674,482.5224400175
408,Iceland,2013,67427.785,23.7,82.729,79.0,,,82.1,7.9489247249,1.2139101972,96.6441917674,482.19014034276665
409,Iceland,2014,68381.198,21.3,83.318,83.0,,,82.9,7.985848106540001,0.7548477516,97.45267693695,481.85784066803336
410,Iceland,2015,72888.166,19.8,85.202,87.0,,,82.5,8.02277148818,0.67924503,98.2611621065,481.5255409933
411,Iceland,2016,78720.857,14.1,86.516,87.0,,,82.2,8.05969486982,0.2704397229,98.2611621065,479.0084662977333
412,Iceland,2017,86214.703,12.1,85.959,85.0,,,82.6,8.09661825146,0.3182716241,97.0228081729,476.4913916021667
413,Iceland,2018,91021.622,11.1,84.746,85.0,,,82.9,8.1335416331,0.3757574482,97.0228081729,473.9743169066
414,Iceland,2019,88097.742,12.4,84.272,85.0,,,83.2,,0.271532252,97.0228081729,464.46073767995
415,Iceland,2020,82713.41,9.4,81.301,85.0,,,83.1,,0.6348352198,97.9361329882,454.9471584533
443,Ireland,2006,54288.467,24.9,73.946,71.0,31107.0,80.5696964439,79.3,,1.5613552148,96.4427860781,517.3132382189
444,Ireland,2007,55888.29,21.8,74.32,68.66666666665,32014.0,79.8421414237,79.7,,1.4488720992,96.76950719050001,510.08852834879997
445,Ireland,2008,58373.039,23.6,73.247,66.3333333333,33041.0,79.9260951286,80.2,,1.7558544578,97.0962283029,502.8638184787
446,Ireland,2009,64061.323,26.5,68.464,66.3333333333,32605.0,81.8645798349,80.2,,3.6383318225,97.0962283029,495.6391086086
447,Ireland,2010,64335.697,33.3,66.54,66.3333333333,31746.0,81.8929868295,80.8,,7.2195637847,97.0962283029,504.81714243803333
448,Ireland,2011,63412.573,32.1,65.616,72.0,31096.0,81.588496385,80.9,,9.2382941654,96.2824858586,513.9951762674666
449,Ireland,2012,62869.758,34.2,65.652,72.0,31150.0,81.4427055176,80.9,,9.6866590168,96.2824858586,523.1732100969
450,Ireland,2013,61470.405,36.8,67.451,72.0,30359.0,80.7626301257,81.0,7.4395113484,8.4475509583,96.2824858586,522.3870871488333
451,Ireland,2014,60949.836,36.4,69.137,75.6666666667,30352.0,80.1190562409,81.4,7.56523082098,7.0432978671,95.7491851696,521.6009642007667
452,Ireland,2015,60933.287,31.8,70.896,75.6666666667,31491.0,79.7536489488,81.5,7.69095029356,5.8044870908,95.7491851696,520.8148412527
453,Ireland,2016,61730.604,27.4,72.054,75.6666666667,32486.0,80.0297360258,81.7,7.81666976614,4.6484838799,95.7491851696,519.9027139048667
454,Ireland,2017,62480.204,23.6,74.121,76.6666666667,33793.0,79.9553294371,82.2,7.942389238720001,3.4826456873,93.9984541606,518.9905865570333
455,Ireland,2018,63347.332,20.9,75.533,76.6666666667,34391.0,79.2559512667,82.2,8.0681087113,2.3923821381,93.9984541606,518.0784592092
456,Ireland,2019,64344.194,18.5,76.686,76.6666666667,35781.0,79.8432894569,82.8,7.7955005691000006,1.7039540602,93.9984541606,517.5613444068999
457,Ireland,2020,65332.968,16.8,75.671,74.0,37351.0,81.1209543036,82.5,7.5228924269,1.2024978018,90.506765089,517.0442296046
458,Ireland,2021,64711.861,15.4,76.875,74.0,38063.0,80.6380757912,82.3,7.2502842847,1.8145034221,90.506765089,516.5271148023
459,Ireland,2022,62339.33,17.9,80.198,74.0,37868.0,79.0205511628,82.6,7.4475959273,1.3291376456,90.506765089,516.01
460,Ireland,2023,60608.14,16.6,81.07,77.0,38491.0,79.6072645595,82.9,7.5939619106,1.1396553722,92.0628915,
479,Israel,2021,54409.394,,75.711,79.6666666667,,,82.6,8.029399,0.3833174058,93.3354662083,472.97629449712497
485,Italy,2006,54145.431,35.7,64.403,60.0,41192.0,79.8059956956,81.4,,3.3239889218,90.7056120903,468.5231087273
486,Italy,2007,54117.354,37.7,64.762,60.0,41366.0,79.7546000954,81.6,,2.8903667945,90.7056120903,474.3657720708667
487,Italy,2008,54044.753,38.9,64.891,59.0,40405.0,79.2677222992,81.7,,3.0758680133,86.3715472108,480.2084354144333
488,Italy,2009,54458.768,37.3,63.878,59.0,39460.0,78.5824947788,81.8,,3.4932345427,86.3715472108,486.051098758
489,Italy,2010,54924.154,37.7,63.367,59.0,38619.0,77.9224083868,82.2,,4.0907793909,86.3715472108,487.28553361993335
490,Italy,2011,54047.93,38.0,63.583,60.0,38186.0,77.7940465187,82.4,,4.3743260442,89.2446433188,488.51996848186667
491,Italy,2012,52332.384,40.1,63.543,60.0,36070.0,76.8539283608,82.4,,5.7000893417,89.2446433188,489.7544033438
492,Italy,2013,52503.553,41.5,62.635,60.0,35696.0,76.6675817546,82.9,6.5883967089,6.9747360921,89.2446433188,488.0889342546
493,Italy,2014,52707.893,40.2,62.917,58.3333333333,35925.0,76.9393406849,83.2,6.67563662736,7.8694492225,90.8181022992,486.4234651654
494,Italy,2015,53164.084,37.9,63.583,58.3333333333,36393.0,76.7492136338,82.7,6.76287654582,7.0701368455,90.8181022992,484.7579960762
495,Italy,2016,53589.312,33.3,64.499,58.3333333333,36745.0,76.9425483872,83.4,6.85011646428,6.8838531957,90.8181022992,481.9335571477
496,Italy,2017,53246.292,28.1,65.27,63.3333333333,37142.0,77.1074225844,83.1,6.93735638274,6.6580493694,88.5239301508,479.1091182192
497,Italy,2018,53306.5,30.3,65.917,63.3333333333,37333.0,77.0677663153,83.4,7.0245963012,6.2830465717,88.5239301508,476.2846792907
498,Italy,2019,53572.199,22.9,66.413,63.3333333333,37341.0,77.0088300102,83.6,7.0744707389,5.6940970835,88.5239301508,477.61350946802503
499,Italy,2020,51015.812,23.8,65.501,70.3333333333,36594.0,77.1706580552,82.3,7.1243451766,4.9295090796,88.1114865579,478.94233964535
500,Italy,2021,53317.266,24.3,65.622,70.3333333333,38091.0,77.268420099,82.7,7.1742196143,5.5127360206,88.1114865579,480.271169822675
501,Italy,2022,51949.802,22.3,67.547,70.3333333333,38090.0,76.406078987,82.8,7.173981706,4.7109695431,88.1114865579,481.6
502,Italy,2023,50514.489,18.7,69.066,62.0,38302.0,77.4318932212,83.5,7.2266878923,4.2744024419,85.9452943752,
503,Italy,2024,51018.982,18.7,70.054,62.0,38696.0,,,7.2126833549,3.3395433693,85.9452943752,
506,Japan,2006,50222.681,,75.624,62.5,30870.0,78.4760386249,82.4,,1.412462963,93.0322244008,497.9570687451
507,Japan,2007,50390.78,,76.373,62.5,31220.0,78.488862573,82.6,,1.2956639676,93.0322244008,505.25728661563335
508,Japan,2008,50164.902,,76.389,68.6666666667,30912.0,78.0276269718,82.7,,1.386,88.7948377336,512.5575044861666
509,Japan,2009,49529.637,,75.766,68.6666666667,31137.0,77.9956871598,83.0,,1.5031196319,88.7948377336,519.8577223567
510,Japan,2010,49375.434,,75.915,68.6666666667,31591.0,77.793123615,82.9,,1.9901118012,88.7948377336,525.9223098439334
511,Japan,2011,49616.592,,76.046,71.6666666667,31747.0,77.8945380564,82.7,,1.8730510949,90.8085738508,531.9868973311667
512,Japan,2012,49644.884,,76.388,71.6666666667,32200.0,77.7521315638,83.2,,1.7543381295,90.8085738508,538.0514848184
513,Japan,2013,49936.622,,77.544,71.6666666667,32414.0,77.4090005213,83.4,,1.7529182879,90.8085738508,530.687149848
514,Japan,2014,49496.878,,78.66,70.3333333333,32006.0,77.2907587859,83.7,,1.4146812227,89.6587216049,523.3228148776
515,Japan,2015,49205.864,,79.408,70.3333333333,32399.0,78.0882864343,83.9,,1.2497383178,89.6587216049,515.9584799072
516,Japan,2016,49740.502,,80.418,70.3333333333,32907.0,78.6116222638,84.1,,1.29323,89.6587216049,511.9243335913333
517,Japan,2017,49777.928,,81.532,74.3333333333,33187.0,78.6341750082,84.2,,1.0833333333,87.6699310489,507.89018727546664
518,Japan,2018,50604.706,,82.791,74.3333333333,33449.0,78.7648986034,84.3,,0.8208639053,87.6699310489,503.8560409596
519,Japan,2019,51098.125,,83.463,74.3333333333,33956.0,79.2391019619,84.4,5.78,0.7945341615,87.6699310489,506.85453071970005
520,Japan,2020,50712.225,,83.261,77.0,35311.0,79.9139741146,84.6,5.83,0.8297724868,89.0437500949,509.8530204798
521,Japan,2021,51137.748,,83.62,77.0,34665.0,79.2684823087,84.5,5.74,1.0634010695,89.0437500949,512.8515102399
522,Japan,2022,50458.369,,84.372,77.0,34582.0,78.9997153036,84.1,5.76,0.976,89.0437500949,515.85
523,Japan,2023,49173.069,,84.754,77.5,34068.0,79.0786166133,84.1,5.79,0.9116647059,85.9042592629,
527,Korea,2006,41373.508,,71.735,60.5,21636.0,81.8121490314,78.8,,0.0397152258,78.1062597335,556.0219102574
528,Korea,2007,42268.439,,72.013,60.5,22583.0,82.3554806685,79.2,,0.0194369941,78.1062597335,550.4371014592
529,Korea,2008,42142.402,,72.112,59.0,23201.0,82.972406649,79.6,,0.0145507735,77.7654604368,544.852292661
530,Korea,2009,42361.053,,71.165,59.0,23279.0,83.2372861936,80.0,,0.0195842093,77.7654604368,539.2674838628
531,Korea,2010,43026.011,,71.581,59.0,24217.0,83.263805208,80.2,,0.0119071808,77.7654604368,538.1084859446667
532,Korea,2011,43590.135,,72.215,59.3333333333,24611.0,83.3387362718,80.6,,0.0137143188,78.1775241036,536.9494880265333
533,Korea,2012,42949.364,,72.557,59.3333333333,25100.0,83.314552706,80.9,,0.0099467248,78.1775241036,535.7904901084
534,Korea,2013,44034.29,,72.959,59.3333333333,25886.0,83.3686927289,81.4,5.7,0.0127422068,78.1775241036,529.6725633073
535,Korea,2014,44125.622,,73.708,64.0,26798.0,83.6775339813,81.8,5.7,0.008082774,75.9354736044,523.5546365062
536,Korea,2015,45352.307,,73.816,64.0,28164.0,84.3160020631,82.1,5.8,0.0136227189,75.9354736044,517.4367097051
537,Korea,2016,46681.35,,73.859,64.0,28569.0,84.2461253643,82.4,5.9,0.0353629248,75.9354736044,516.3085692178666
538,Korea,2017,47779.484,,74.22,72.3333333333,28808.0,84.1978489591,82.7,6.0,0.0492926234,78.8015648727,515.1804287306334
539,Korea,2018,49425.225,,74.053,72.3333333333,29656.0,84.2765313809,82.7,6.1,0.0535102041,78.8015648727,514.0522882434
540,Korea,2019,51122.939,,73.972,72.3333333333,30801.0,84.6511340639,83.3,6.0,0.0349203648,78.8015648727,514.3942161825499
541,Korea,2020,52298.597,,72.78,81.0,31656.0,84.6107436202,83.5,6.0,0.0245001354,80.2707556331,514.7361441216999
542,Korea,2021,52412.095,,72.996,81.0,32197.0,84.7431137031,83.6,6.3,0.0445772938,80.2707556331,515.07807206085
543,Korea,2022,50671.795,,74.832,81.0,32644.0,85.0121293534,82.7,6.5,0.0299437973,80.2707556331,515.42
548,Latvia,2006,23338.073,46.8,74.92,47.0,17427.0,84.4707390426,70.6,,2.4431987374,82.4862754,479.4918354322
549,Latvia,2007,28773.98,39.9,76.968,47.0,19073.0,83.6493473056,70.8,,1.6763112978,82.4862754,480.9812720997333
550,Latvia,2008,29681.996,39.8,77.275,48.5,19897.0,83.9150457464,72.1,,1.925350901,80.0195591047,482.4707087672667
551,Latvia,2009,26801.812,48.0,69.51,48.5,16750.0,82.7574247828,72.8,,4.6306997875,80.0195591047,483.9601454348
552,Latvia,2010,25768.008,56.0,67.217,51.25,16465.0,81.6038251422,73.1,,8.9147935442,80.65011441695,485.5382349834333
553,Latvia,2011,24870.688,57.0,69.462,54.0,16111.0,81.1512509874,73.9,,9.005468239,81.2806697292,487.1163245320667
554,Latvia,2012,25876.373,52.1,70.862,54.0,16972.0,80.6231798758,74.1,,7.9889432838,81.2806697292,488.6944140807
555,Latvia,2013,27119.293,54.4,72.501,54.0,17592.0,80.8437535277,74.3,6.4682794765,5.8809940597,81.2806697292,488.3823089016667
556,Latvia,2014,28938.041,49.0,72.927,61.0,18414.0,80.8490179167,74.5,6.52216447598,4.8382381253,85.848933225,488.0702037226333
557,Latvia,2015,31375.186,42.7,74.384,61.0,19540.0,81.6931797785,74.8,6.5760494754600005,4.5751536659,85.848933225,487.7580985436
558,Latvia,2016,33233.557,39.3,75.133,61.0,20597.0,82.1536313198,74.9,6.62993447494,4.1168135739,85.848933225,484.7382904149333
559,Latvia,2017,34420.115,40.5,76.435,60.0,21521.0,82.8762066376,74.9,6.68381947442,3.3588096804,88.054046084,481.7184822862667
560,Latvia,2018,35685.662,32.1,78.226,60.0,22630.0,83.1846247278,75.1,6.7377044739,3.1587697696,88.054046084,478.6986741576
561,Latvia,2019,37147.565,25.0,79.009,60.0,22975.0,83.5793022666,75.7,6.7400502907333335,2.4742625261,88.054046084,477.6665056182
562,Latvia,2020,38610.604,24.2,78.642,74.6666666667,23160.0,83.4052404724,75.5,6.742396107566667,2.2951564895,92.9118950524,476.6343370788
563,Latvia,2021,40614.793,20.1,77.075,74.6666666667,24263.0,83.0734741233,73.1,6.7447419244,2.377046241,92.9118950524,475.6021685394
564,Latvia,2022,40273.132,23.9,78.578,74.6666666667,23391.0,81.8507796229,74.5,6.8309621773,2.050373596,92.9118950524,474.57
565,Latvia,2023,42274.951,24.0,79.089,74.5,24637.0,83.7630761405,75.6,6.8686552316,1.8688984619,91.9698688846,
569,Lithuania,2006,33489.286,28.7,74.776,32.0,19396.0,,71.0,,2.6409415843,86.7184768881,470.0707556732
570,Lithuania,2007,35654.716,23.7,76.313,32.0,20388.0,,70.7,,1.4021599598,86.7184768881,469.5280819383
571,Lithuania,2008,36323.243,25.9,75.29,33.3333333333,22411.0,,71.7,,1.2682544573,81.5170947156,468.9854082034
572,Lithuania,2009,31626.367,34.4,70.897,33.3333333333,20112.0,,72.9,,3.3175437347,81.5170947156,468.4427344685
573,Lithuania,2010,31758.434,37.7,68.368,33.3333333333,20088.0,,73.3,,7.5289251357,81.5170947156,471.3973602881667
574,Lithuania,2011,32420.53,35.9,71.126,43.3333333333,20489.0,,73.7,,8.1640511689,83.9769008678,474.35198610783334
575,Lithuania,2012,32964.183,37.5,72.481,43.3333333333,20649.0,,74.1,,6.7082453671,83.9769008678,477.3066119275
576,Lithuania,2013,34226.743,32.9,73.556,43.3333333333,21773.0,,74.1,6.729421373,5.1443357996,83.9769008678,475.67325869163335
577,Lithuania,2014,35812.86,29.4,74.993,51.3333333333,22408.0,,74.7,6.66001975114,4.8758403063,85.1337843953,474.03990545576664
578,Lithuania,2015,38092.31,28.9,76.405,51.3333333333,23548.0,,74.6,6.59061812928,3.9968333346,85.1337843953,472.4065522199
579,Lithuania,2016,39942.09,29.6,78.163,51.3333333333,25212.0,,74.9,6.52121650742,3.0898839065,85.1337843953,473.56219470993335
580,Lithuania,2017,42212.131,28.2,78.845,67.0,24883.0,,75.8,6.45181488556,2.741720891,87.7508842128,474.71783719996665
581,Lithuania,2018,44113.004,23.4,80.367,67.0,26170.0,,76.0,6.3824132637,2.0423182772,87.7508842128,475.87347969
582,Lithuania,2019,47083.642,19.0,80.564,67.0,27911.0,,76.5,6.580607361,1.9833238201,87.7508842128,474.8626097675
583,Lithuania,2020,49473.525,15.1,79.356,64.6666666667,29652.0,82.3366329036,75.2,6.7788014583,2.553981804,85.6874553675,473.851739845
584,Lithuania,2021,52684.642,12.9,79.871,64.6666666667,31208.0,82.20292013,74.2,6.9769955556,2.7124145233,85.6874553675,472.8408699225
585,Lithuania,2022,49495.171,12.6,80.957,64.6666666667,29943.0,80.9704684312,75.8,7.0921493349,2.4121944985,85.6874553675,471.83
586,Lithuania,2023,50193.51,13.4,80.399,73.0,29962.0,81.984237716,77.6,7.188347258,2.3662524287,87.988591373,
590,Luxembourg,2006,77569.978,5.5,71.862,,48342.0,77.6234018238,79.4,,1.3993505293,,479.3665415702
591,Luxembourg,2007,79675.875,6.6,72.74,,48938.0,77.6703362984,79.5,,1.1667537155,,476.9688232753
592,Luxembourg,2008,79223.593,7.3,71.513,75.5,49228.0,77.4535807746,80.7,,1.6383295972,94.2758165977,474.57110498040004
593,Luxembourg,2009,81692.587,7.6,73.174,75.5,50430.0,77.8824813414,80.8,,1.1906182516,94.2758165977,472.1733866855
594,Luxembourg,2010,81739.542,8.3,74.222,75.5,50466.0,77.7706417076,80.8,,1.3270882002,94.2758165977,477.3846053084333
595,Luxembourg,2011,82194.267,9.3,73.75,69.6666666667,50270.0,77.8502548823,81.1,,1.4217620856,90.6529759285,482.5958239313667
596,Luxembourg,2012,81359.539,10.2,74.96,69.6666666667,50599.0,77.9839448529,81.5,,1.572174015,90.6529759285,487.8070425543
597,Luxembourg,2013,82342.673,13.4,74.648,69.6666666667,51775.0,78.5799924631,81.9,7.4342386137,1.7950988803,90.6529759285,485.68439413616665
598,Luxembourg,2014,83690.422,11.9,75.67,72.0,51786.0,78.331443932,82.3,7.45865733902,1.6318730679,91.632275889,483.56174571803336
599,Luxembourg,2015,84159.079,12.4,73.785,72.0,51112.0,78.4550634998,82.4,7.48307606434,1.9437047184,91.632275889,481.4390972999
600,Luxembourg,2016,83934.204,12.4,73.856,72.0,50596.0,78.377825186,82.7,7.50749478966,2.2579103283,91.632275889,477.6211946178667
601,Luxembourg,2017,84984.027,12.6,74.667,83.3333333333,51706.0,78.8208993751,82.1,7.531913514979999,2.175014729,90.0916002532,473.80329193583333
602,Luxembourg,2018,85458.782,12.8,74.901,83.3333333333,52409.0,79.204405079,82.3,7.5563322403,1.4058843529,90.0916002532,469.9853892538
603,Luxembourg,2019,85635.098,10.5,75.699,83.3333333333,53445.0,80.0192587735,82.7,7.5115928679,1.3547306368,90.0916002532,
604,Luxembourg,2020,85931.942,12.4,75.541,85.2222222222,56236.0,81.2263540008,82.2,7.4668534955,1.7877542373,89.24356051253334,
605,Luxembourg,2021,90159.966,10.0,77.055,87.1111111111,56075.0,80.8291213148,82.7,7.4221141231,1.7816082401,88.39552077186666,
606,Luxembourg,2022,89854.533,5.8,78.276,89.0,55863.0,81.1334502705,83.0,7.2097825661,1.3161656994,87.5474810312,
607,Luxembourg,2023,93059.463,6.1,78.12,87.0,52875.0,81.0330379677,83.4,7.2504849558,1.6635590175,87.7451684737,
611,Mexico,2006,21698.447,,67.646,56.5,17437.0,75.936382508,75.5,,0.0572509448,87.8093340468,410.4964548328
612,Mexico,2007,21469.123,,67.707,56.5,17309.0,76.0352285143,75.4,,0.0673099265,87.8093340468,415.4194029751333
613,Mexico,2008,20972.835,,67.487,49.0,17462.0,75.6704610034,75.2,,0.060519267,86.8046695714,420.34235111746665
614,Mexico,2009,20942.67,,66.972,49.0,17233.0,77.4873154975,74.9,,0.0853651065,86.8046695714,425.2652992598
615,Mexico,2010,19315.622,,66.722,49.0,17363.0,77.4590655722,74.3,,0.1016028492,86.8046695714,424.6947867984333
616,Mexico,2011,19793.416,,67.199,50.3333333333,18436.0,78.825200326,74.8,,0.1072656019,76.2913565445,424.12427433706665
617,Mexico,2012,19539.082,,68.102,50.3333333333,18222.0,79.3944522334,74.9,,0.087068279,76.2913565445,423.5537618757
618,Mexico,2013,19963.584,,68.157,50.3333333333,18469.0,79.8599608772,75.2,,0.0800113603,76.2913565445,423.4613343232333
619,Mexico,2014,19825.837,,67.673,46.0,18698.0,80.0243594169,75.1,,0.07731274,80.0744137604,423.36890677076667
620,Mexico,2015,20463.008,,68.13,46.0,19636.0,81.2945246092,75.1,,0.070347982,80.0744137604,423.2764792183
621,Mexico,2016,20027.502,,68.467,46.0,19599.0,80.6644906764,74.8,,0.075121465,80.0744137604,422.3406169126
622,Mexico,2017,19870.514,,68.511,41.0,19448.0,80.0779341343,74.8,,0.0660014596,83.3557207193,421.4047546069
623,Mexico,2018,20213.734,,68.944,41.0,19397.0,80.0048154743,74.9,,0.0497443711,83.3557207193,420.4688923012
624,Mexico,2019,20570.182,,69.46,41.0,19695.0,80.6134584896,74.8,,0.0589792768,83.3557207193,419.1916692259
625,Mexico,2020,19801.314,,66.418,45.0,18379.0,80.1375770795,68.9,,0.0589143542,79.7800923281,417.91444615060004
626,Mexico,2021,20366.145,43.4,67.824,45.0,19412.0,79.4744364908,68.8,8.4487109972,0.1911041009,79.7800923281,416.6372230753
627,Mexico,2022,20606.929,,69.712,45.0,18902.0,79.0885395531,75.2,,0.0957427447,79.7800923281,415.36
628,Mexico,2023,20835.526,,70.907,48.0,20013.0,81.2448780607,75.3,,0.0646972497,85.652847825,
632,Netherlands,2006,74897.943,14.0,74.168,73.0,40457.0,80.8839320642,80.0,,2.1247488446,93.9347651207,506.7469709867
633,Netherlands,2007,75941.883,10.4,75.865,73.0,41109.0,81.1498143068,80.4,,1.6152184334,93.9347651207,507.29922162923333
634,Netherlands,2008,76402.584,11.0,77.457,73.0,41506.0,80.9248610893,80.5,,1.2322927271,94.3153205423,507.8514722717666
635,Netherlands,2009,79334.372,10.2,77.428,73.0,42023.0,81.1246956555,80.9,,1.1003891431,94.3153205423,508.4037229143
636,Netherlands,2010,79440.635,12.1,76.938,73.0,41917.0,80.9606667505,81.0,,1.3471608031,94.3153205423,509.3458037375
637,Netherlands,2011,79184.004,12.5,77.034,78.6666666667,41806.0,81.0343248799,81.3,,1.6206116685,92.979458392,510.2878845607
638,Netherlands,2012,79447.713,12.7,77.357,78.6666666667,41358.0,80.507816149,81.2,,1.9313030522,92.979458392,511.2299653839
639,Netherlands,2013,79685.527,15.5,76.728,78.6666666667,40653.0,79.9633196824,81.4,7.8022760577,2.8793512728,92.979458392,508.4729939805
640,Netherlands,2014,79252.486,15.0,76.49,81.3333333333,41203.0,80.0973664874,81.8,7.78092494012,3.2824046173,90.068791606,505.7160225771
641,Netherlands,2015,80217.997,12.9,77.368,81.3333333333,41916.0,79.8773704611,81.6,7.75957382254,3.3931679208,90.068791606,502.9590511737
642,Netherlands,2016,80537.957,12.6,78.269,81.3333333333,42651.0,80.0060398333,81.7,7.73822270496,2.9128066344,90.068791606,496.9006091520333
643,Netherlands,2017,79950.742,11.5,79.195,82.6666666667,42826.0,80.0201924024,81.8,7.71687158738,2.3114176247,93.6986763377,490.8421671303667
644,Netherlands,2018,79065.384,10.0,80.442,82.6666666667,43840.0,80.1023727255,81.9,7.6955204698,1.775453478,93.6986763377,484.7837251087
645,Netherlands,2019,78508.106,10.1,81.39,82.6666666667,44730.0,80.3155422274,82.2,7.707588667,1.3309453693,93.6986763377,478.397793831525
646,Netherlands,2020,80227.278,7.5,81.561,82.6666666667,45157.0,79.9454018752,81.4,7.7196568642,1.1294865301,92.8621148364,472.01186255435005
647,Netherlands,2021,79311.801,5.6,82.109,82.6666666667,46033.0,80.2460780173,81.4,7.7317250614,0.8297424696,92.8621148364,465.625931277175
648,Netherlands,2022,76238.334,6.9,83.227,82.6666666667,45923.0,80.5172049788,81.7,7.664159679,0.6564172006,92.8621148364,459.24
649,Netherlands,2023,74549.094,7.3,83.828,82.5,46301.0,81.3150518427,81.9,7.5973402106,0.4936211581,90.9823160781,
650,Netherlands,2024,75370.097,7.3,83.82,82.5,47171.0,81.7623180515,,7.6183944362,0.5094265587,90.9823160781,
653,New Zealand,2006,48326.759,,79.403,60.5,29151.0,73.7253915345,80.1,,0.2517134543,95.5516369889,521.0326450665
654,New Zealand,2007,51149.289,,79.838,60.5,30623.0,74.3339544401,80.3,,0.1876000036,95.5516369889,520.9817662635334
655,New Zealand,2008,50555.355,15.4,79.693,59.5,29885.0,73.8561326414,80.5,,0.1584835665,95.6195232847,520.9308874605666
656,New Zealand,2009,51172.793,16.0,78.697,59.5,30558.0,74.3579311795,80.7,,0.3648763402,95.6195232847,520.8800086576
657,New Zealand,2010,51733.264,16.6,78.436,59.5,31035.0,74.4319207067,80.8,,0.5464077025,95.6195232847,517.9822701916
658,New Zealand,2011,51694.982,15.950000000000001,78.921,66.0,31901.0,74.7470848588,81.0,,0.5488042189,94.4596816058,515.0845317256
659,New Zealand,2012,52811.673,15.3,78.404,66.0,32118.0,74.192887825,81.2,,0.8574585635,94.4596816058,512.1867932596
660,New Zealand,2013,52104.127,13.75,79.249,66.0,32543.0,73.8105921651,81.4,,0.6436935367,94.4596816058,511.21476637906665
661,New Zealand,2014,52307.73,12.2,80.392,64.6666666667,32338.0,73.0192875052,81.4,7.8,0.6812358704,95.3961400923,510.24273949853335
662,New Zealand,2015,53250.01,11.7,80.115,64.6666666667,33159.0,73.1403369436,81.5,7.8,0.6788258303,95.3961400923,509.270712618
663,New Zealand,2016,54984.814,11.2,81.437,64.6666666667,34088.0,73.3698715168,81.6,7.8,0.7130231516,95.3961400923,508.0895695508
664,New Zealand,2017,55362.023,10.6,82.695,68.3333333333,34896.0,73.3328613619,81.7,7.75,0.7467476636,94.5086496191,506.9084264836
665,New Zealand,2018,56744.507,10.0,82.974,68.3333333333,35995.0,73.4997921889,81.7,7.7,0.5848379052,94.5086496191,505.7272834164
666,New Zealand,2019,58453.96,9.6,82.768,68.3333333333,37104.0,73.7872919555,82.1,7.7,0.5276395147,94.5086496191,504.5079625623
667,New Zealand,2020,59982.433,9.200000000000001,82.13,63.3333333333,38925.0,74.2401402351,82.3,7.7,0.4074893617,95.2381826177,503.2886417082
668,New Zealand,2021,62548.88,8.8,83.232,63.3333333333,39181.0,73.8256210156,82.3,7.7,0.4285716895,95.2381826177,502.0693208541
669,New Zealand,2022,61835.637,,84.108,63.3333333333,38626.0,73.7610975366,82.0,7.65,0.3861446281,95.2381826177,500.85
674,Norway,2006,61799.096,8.2,80.635,85.0,38331.0,80.6691166,80.6,,0.7758526399,94.3880486023,484.2925630404
675,Norway,2007,64542.772,5.9,81.99,83.0,39818.0,81.3645844505,80.6,,0.4475968749,93.74356538925,490.60504882543336
676,Norway,2008,65899.843,6.8,82.79,81.0,40490.0,81.4442347088,80.8,,0.3297521591,93.0990821762,496.91753461046665
677,Norway,2009,66588.673,7.3,82.063,82.5,41633.0,82.0375659785,81.0,,0.4990326716,93.025920296075,503.2300203955
678,Norway,2010,67461.662,6.0,81.057,84.0,42222.0,81.2633894624,81.2,,0.7189167808,92.95275841595,503.46557552263334
679,Norway,2011,69832.75,7.2,81.265,85.5,43100.0,82.0417238612,81.4,,0.7584084443,92.879596535825,503.70113064976664
680,Norway,2012,71736.757,6.4,81.547,87.0,44145.0,82.3613352748,81.5,,0.6035741712,92.8064346557,503.9366857769
681,Norway,2013,73205.926,6.6,81.204,87.33333333335,45014.0,82.2860367548,81.8,7.8856053859,0.6954908474,93.4628197958,507.0215147971667
682,Norway,2014,73536.862,4.7,81.318,87.6666666667,45455.0,82.5182333874,82.2,7.90455719506,0.7860442991,94.1192049359,510.10634381743336
683,Norway,2015,73904.025,5.1,80.662,87.6666666667,46882.0,82.6179704166,82.4,7.92350900422,0.9854029405,94.1192049359,513.1911728377
684,Norway,2016,72707.21,5.4,80.438,87.6666666667,46224.0,82.2270505002,82.5,7.94246081338,1.2351800828,94.1192049359,508.6111006426667
685,Norway,2017,72524.731,5.7,80.103,92.6666666667,46681.0,82.333695359,82.7,7.96141262254,1.1726504385,94.8537053938,504.03102844763333
686,Norway,2018,72871.271,6.3,80.813,92.6666666667,46716.0,82.1044780019,82.8,7.9803644317,0.9844895651,94.8537053938,499.4509562526
687,Norway,2019,74180.068,7.1,81.145,92.6666666667,47200.0,82.2255726367,83.0,7.820242954466667,0.8609090997,94.8537053938,493.71821718945
688,Norway,2020,74389.481,6.3,80.449,92.3333333333,46844.0,82.3338800288,83.3,7.660121477233333,0.8700228138,94.1929827814,487.9854781263
689,Norway,2021,76396.354,7.4,81.481,92.3333333333,48384.0,81.7859469328,83.2,7.5,1.0598055936,94.1929827814,482.25273906315
690,Norway,2022,75862.057,7.5,82.179,92.3333333333,46898.0,81.661969318,82.5,7.7152424816,0.6357249683,94.1929827814,476.52
691,Norway,2023,75026.67,9.1,81.616,91.5,,,83.1,7.6345566536,0.4917342593,93.9694495133,
716,Poland,2006,28365.129,46.9,63.117,64.0,19262.0,78.4184737805,75.3,,7.0784657622,89.4709268751,507.6395272512
717,Poland,2007,29294.747,40.2,65.522,64.0,20071.0,78.4705065482,75.4,,4.4565518072,89.4709268751,505.2525123638
718,Poland,2008,30833.397,35.6,67.487,61.3333333333,20850.0,78.3816120575,75.6,,2.0895936571,91.5959880314,502.8654974764
719,Poland,2009,30813.827,34.4,67.366,61.3333333333,21908.0,77.2790632051,75.9,,2.0853712626,91.5959880314,500.478482589
720,Poland,2010,32067.767,34.6,66.819,61.3333333333,22804.0,78.4310431144,76.4,,2.4873555111,91.5959880314,506.3812819529333
721,Poland,2011,32244.936,32.5,67.259,65.0,22886.0,78.1617761054,76.8,,3.0833806825,89.4263930278,512.2840813168666
722,Poland,2012,31928.483,34.2,67.45,65.0,23150.0,77.9731356363,76.9,,3.5515960549,89.4263930278,518.1868806808
723,Poland,2013,32275.745,32.5,67.613,65.0,23425.0,78.4721783522,77.1,7.3153997162,3.8168162102,89.4263930278,514.0236105920667
724,Poland,2014,33012.234,29.7,69.033,66.3333333333,24816.0,78.7374876032,77.8,7.39852345046,3.2980120126,88.7031447145,509.8603405033333
725,Poland,2015,33825.151,29.4,70.306,66.3333333333,25594.0,78.3285596432,77.5,7.48164718472,2.9833968954,88.7031447145,505.6970704146
726,Poland,2016,35614.62,24.8,71.507,66.3333333333,26898.0,79.2305564815,78.0,7.56477091898,2.1838991514,88.7031447145,507.74994540619997
727,Poland,2017,37071.011,22.1,72.934,70.6666666667,27813.0,79.3127522832,77.8,7.64789465324,1.5410739997,83.9307498522,509.8028203978
728,Poland,2018,39436.413,18.6,73.974,70.6666666667,29036.0,79.8602124374,77.7,7.7310183875,1.0498791802,83.9307498522,511.8556953894
729,Poland,2019,41872.122,15.7,74.951,70.6666666667,30467.0,80.0150369903,78.0,7.6680755122,0.7026357157,83.9307498522,506.06927154205
730,Poland,2020,42609.587,15.9,75.884,70.6666666667,32442.0,80.5573117889,76.4,7.6051326369000005,0.6331272371,90.6514684843,500.28284769469997
731,Poland,2021,42383.302,13.7,77.908,70.6666666667,32228.0,79.2900396438,75.4,7.5421897616,0.9083249481,90.6514684843,494.49642384735
732,Poland,2022,40538.726,15.3,79.069,70.6666666667,31732.0,78.682078498,77.2,7.6642820518,0.8733439115,90.6514684843,488.71
733,Poland,2023,41577.518,15.1,80.135,67.0,32249.0,78.9683100628,78.4,7.6173374355,0.76819524,88.0135482391,
737,Portugal,2006,36360.178,36.8,74.754,64.0,28963.0,83.6303074122,79.0,,4.0943032694,89.6887295719,472.3043050432
738,Portugal,2007,36602.684,37.5,74.603,63.33333333335,29249.0,83.2340851713,79.3,,3.9849305844,87.5755037966,477.98117797653333
739,Portugal,2008,36480.541,46.7,74.979,62.6666666667,29505.0,82.9592267653,79.5,,3.7882233404,85.4622780213,483.65805090986663
740,Portugal,2009,37908.795,46.1,73.167,62.6666666667,30271.0,82.8922410895,79.7,,4.7102248283,85.4622780213,489.3349238432
741,Portugal,2010,37767.447,44.9,72.656,62.6666666667,30078.0,82.204184014,80.1,,6.383127185,85.4622780213,488.80917834443335
742,Portugal,2011,36895.314,41.8,68.715,63.3333333333,28802.0,81.5852243299,80.7,,6.976668221,84.5661174983,488.28343284566665
743,Portugal,2012,35275.049,40.5,66.469,63.3333333333,27755.0,80.7092895267,80.6,,8.5015130339,84.5661174983,487.7576873469
744,Portugal,2013,35943.669,46.9,66.003,63.3333333333,27434.0,80.3079943475,80.9,6.1537453485,10.4188014924,84.5661174983,491.214760107
745,Portugal,2014,35355.799,43.7,68.723,72.0,27316.0,79.4813932609,81.3,6.26084125668,9.2257058557,86.5324113268,494.6718328671
746,Portugal,2015,35271.283,40.4,70.575,72.0,28251.0,79.8251596713,81.3,6.36793716486,8.0354663213,86.5324113268,498.1289056272
747,Portugal,2016,35282.081,36.7,72.121,72.0,28839.0,80.1006384481,81.3,6.4750330730400005,7.0689712883,86.5324113268,496.0195321342
748,Portugal,2017,35428.086,33.6,75.018,79.3333333333,29080.0,80.3115045227,81.6,6.58212898122,5.1288738871,88.3470438073,493.91015864120004
749,Portugal,2018,36005.681,29.2,77.202,79.3333333333,29861.0,80.5291165607,81.5,6.6892248894,3.5714898783,88.3470438073,491.8007851482
750,Portugal,2019,37404.247,25.8,78.031,79.3333333333,30877.0,80.7683139507,81.9,6.786230359966667,3.2796325213,88.3470438073,487.99808886115
751,Portugal,2020,37661.36,20.7,77.156,82.0,30209.0,80.1442472073,81.5,6.883235830533334,2.5927215329,87.2113910813,484.19539257409997
752,Portugal,2021,38404.49,20.9,78.853,82.0,31345.0,80.9963815719,81.5,6.9802413011,3.0939537774,87.2113910813,480.39269628705
753,Portugal,2022,37961.497,23.3,80.426,82.0,31681.0,81.2445985561,81.8,6.9661353879,3.0341153363,87.2113910813,476.59
754,Portugal,2023,38958.113,23.6,81.018,80.5,32153.0,81.9609828711,82.5,7.0631781497,2.6593823232,88.2337907429,
755,Portugal,2024,40002.449,21.8,81.578,80.5,34165.0,82.4066813813,,7.2557314635,2.5775494954,88.2337907429,
759,Romania,2007,,50.5,68.054,60.5,12232.0,71.3334943802,73.1,,3.3777172159,77.5236977986,
760,Romania,2008,,47.6,68.079,56.5,14306.0,73.6318362144,73.5,,2.5117134477,75.04249054350001,
761,Romania,2009,,48.6,67.327,52.5,13514.0,70.8396495511,73.7,,2.5306571566,72.5612832884,
762,Romania,2010,,49.0,68.181,52.5,13554.0,73.9514705158,73.7,,2.5117518905,72.5612832884,
763,Romania,2011,,48.9,67.204,56.3333333333,13726.0,72.7755050377,74.4,,3.0739393351,73.4558061734,
764,Romania,2012,,50.0,68.107,56.3333333333,13822.0,74.0339239549,74.4,,3.1320077295,73.4558061734,
765,Romania,2013,,51.0,67.847,56.3333333333,13656.0,77.1701944172,75.1,7.133232048,3.3384306715,73.4558061734,
766,Romania,2014,,48.5,68.77,56.3333333333,13918.0,75.992408435,75.0,7.17590535732,2.9080121492,77.1925937576,
767,Romania,2015,,45.6,68.644,56.3333333333,14865.0,74.9958186098,74.9,7.21857866664,3.0901059464,77.1925937576,
768,Romania,2016,,44.1,69.245,56.3333333333,16065.0,76.3054920237,75.2,7.26125197596,3.0464541076,77.1925937576,
769,Romania,2017,,37.4,71.538,63.6666666667,18131.0,75.6189249309,75.2,7.30392528528,2.1098640977,81.4992707409,
770,Romania,2018,,36.0,72.623,63.6666666667,18750.0,75.834880222,75.3,7.3465985946,1.9150863521,81.4992707409,
771,Romania,2019,,32.0,73.759,63.6666666667,21547.0,77.4460009976,75.6,7.462265991633333,1.7110895296,81.4992707409,
772,Romania,2020,,35.9,73.522,67.3333333333,21470.0,77.8179793996,74.2,7.577933388666667,1.5455656031,83.512942715,
773,Romania,2021,,29.0,69.833,67.3333333333,22248.0,76.8740143143,72.8,7.6936007857,2.0573461964,83.512942715,
774,Romania,2022,,26.0,71.724,67.3333333333,22418.0,75.3270739586,75.1,7.6600869926,2.1730404212,83.512942715,
775,Romania,2023,,27.7,71.867,66.0,23092.0,,76.4,7.7346323615,2.16429126,80.7845234596,
779,Slovak Republic,2006,25845.462,34.9,68.987,47.0,18251.0,68.5257336785,74.5,,9.7461813089,93.3045389041,466.3497688372
780,Slovak Republic,2007,27434.759,30.6,69.982,47.5,20015.0,69.1372924296,74.6,,7.8183522256,92.378037015575,470.04763005809997
781,Slovak Republic,2008,27714.633,35.0,72.106,48.0,21326.0,68.9401239992,74.9,,6.334755006,91.45153512705,473.745491279
782,Slovak Republic,2009,28660.257,31.6,69.985,48.5,21655.0,69.8134749544,75.3,,6.1565675777,90.525033238525,477.4433524999
783,Slovak Republic,2010,29920.694,31.9,68.434,49.0,22169.0,70.4178204464,75.6,,8.5489082674,89.59853135,472.5512458767
784,Slovak Republic,2011,29656.066,30.4,68.768,57.3333333333,21611.0,69.8071090092,76.1,,8.7410975263,88.9289947911,467.6591392535
785,Slovak Republic,2012,29283.472,33.5,68.849,57.3333333333,21476.0,70.2286465428,76.3,,8.9208557321,88.9289947911,462.7670326303
786,Slovak Republic,2013,29511.472,36.6,68.672,57.3333333333,21403.0,70.6256247352,76.6,6.9514383993,9.4949452785,88.9289947911,459.34946737916664
787,Slovak Republic,2014,30100.992,33.9,69.397,60.0,21913.0,70.2945068639,77.0,6.97455107692,8.825727124,91.479696928,455.93190212803336
788,Slovak Republic,2015,31285.978,32.7,70.904,60.0,23081.0,71.7374219479,76.7,6.99766375454,7.1856393181,91.479696928,452.5143368769
789,Slovak Republic,2016,32277.78,29.6,72.815,60.0,23714.0,71.6212415408,77.3,7.02077643216,5.4931695609,91.479696928,454.3375469151
790,Slovak Republic,2017,33232.174,26.2,73.751,65.6666666667,24432.0,72.3356950919,77.3,7.043889109779999,4.8200341193,89.9163150938,456.1607569533
791,Slovak Republic,2018,34174.491,25.4,75.041,65.6666666667,26158.0,73.5588684588,77.4,7.0670017874,3.8363308468,89.9163150938,457.9839669915
792,Slovak Republic,2019,35290.917,28.3,76.248,65.6666666667,26939.0,73.5387106083,77.8,7.087078430266667,3.2079004019,89.9163150938,455.202975243625
793,Slovak Republic,2020,35748.465,28.7,75.463,72.6666666667,27372.0,73.0262750555,77.0,7.107155073133333,3.0474951416,94.8975907718,452.42198349575
794,Slovak Republic,2021,36557.14,26.6,78.024,72.6666666667,28292.0,72.9879639639,74.6,7.127231716,3.9137888453,94.8975907718,449.640991747875
795,Slovak Republic,2022,34643.779,27.7,80.04,72.6666666667,27985.0,71.5914810008,77.0,7.0444166963,4.1358330045,94.8975907718,446.86
796,Slovak Republic,2023,34562.22,30.3,80.709,67.5,27823.0,72.8820507299,78.2,7.2861273274,3.8704052449,93.5706009141,
797,Slovak Republic,2024,36105.364,28.7,81.324,67.5,28344.0,73.0559509443,,7.2987172383,3.5303079746,93.5706009141,
800,Slovenia,2006,45668.196,24.3,73.772,79.0,24803.0,81.4399428967,78.3,,3.0026340056,92.9882769204,494.4090368826
801,Slovenia,2007,46661.884,20.2,74.441,79.66666666666667,25641.0,81.3061230527,78.4,,2.2654195961,92.24674846766666,490.6333719749333
802,Slovenia,2008,47434.116,26.1,75.169,80.33333333333333,26216.0,81.4853941566,79.1,,1.8822407,91.50522001493333,486.8577070672667
803,Slovenia,2009,47897.977,25.7,74.328,81.0,25845.0,80.7562632176,79.4,,1.8062003245,90.7636915622,483.0820421596
804,Slovenia,2010,49258.775,28.6,72.712,81.0,25635.0,79.7926066204,79.8,,3.2100434061,90.7636915622,482.49345594483333
805,Slovenia,2011,49094.396,29.5,70.846,83.3333333333,25601.0,79.940964494,80.1,,3.6874299924,92.1647438201,481.90486973006665
806,Slovenia,2012,47523.031,28.5,70.969,83.3333333333,24572.0,79.7382451519,80.3,,4.3076462905,92.1647438201,481.3162835153
807,Slovenia,2013,46973.509,33.1,69.985,83.3333333333,24104.0,80.1544129372,80.5,6.9515327869,5.2413537785,92.1647438201,489.2828158680333
808,Slovenia,2014,47812.342,30.6,70.398,85.0,24280.0,80.39994007,81.2,7.01083177492,5.3965286773,90.5177601254,497.24934822076665
809,Slovenia,2015,48736.662,28.7,71.383,85.0,24871.0,80.8201633433,80.9,7.07013076294,4.7629104497,90.5177601254,505.2158805735
810,Slovenia,2016,50550.525,25.9,72.232,85.0,25971.0,80.9045041,81.2,7.12942975096,4.3166677224,90.5177601254,501.9257921025667
811,Slovenia,2017,51713.13,22.6,75.118,89.3333333333,26797.0,81.3721454713,81.2,7.18872873898,3.1634885357,93.632946031,498.6357036316333
812,Slovenia,2018,52643.212,20.5,77.187,89.3333333333,27838.0,81.7763699451,81.5,7.248027727,2.2329200167,93.632946031,495.3456151607
813,Slovenia,2019,54122.774,17.4,78.381,89.3333333333,28973.0,81.877092392,81.6,7.375240902866667,1.9340992213,93.632946031,488.644211370525
814,Slovenia,2020,55726.116,17.0,78.289,90.0,30194.0,82.6595978418,80.6,7.502454078733334,1.9534238017,94.7545209559,481.94280758035
815,Slovenia,2021,58106.435,11.5,78.985,90.0,31425.0,82.6835245632,80.7,7.6296672546,1.8713680251,94.7545209559,475.241403790175
816,Slovenia,2022,55930.334,14.2,80.587,90.0,31535.0,82.2837944037,81.3,7.5836058625,1.5624345906,94.7545209559,468.54
817,Slovenia,2023,58531.994,14.5,79.755,87.5,31599.0,83.2008475339,82.0,7.7353877821,1.3600859642,93.4415068753,
842,Spain,2006,50946.93,30.9,70.242,64.5,34785.0,80.5672602057,81.1,,1.8393892681,95.1787272546,460.8301120718
843,Spain,2007,51498.848,28.0,71.081,64.5,34868.0,79.9223481827,81.1,,1.6877297405,95.1787272546,467.5675167105
844,Spain,2008,53318.729,31.9,69.974,65.3333333333,35061.0,79.8223140546,81.5,,2.035859851,93.2760440053,474.3049213492
845,Spain,2009,56675.193,34.0,65.929,65.3333333333,35162.0,79.2846136807,81.9,,4.2756750679,93.2760440053,481.0423259879
846,Spain,2010,56137.603,33.8,64.986,65.3333333333,34587.0,78.4302358721,82.4,,7.3138989478,93.2760440053,483.34127785366667
847,Spain,2011,55135.424,29.0,64.372,73.6666666667,34017.0,77.9543005453,82.6,,8.9501733329,93.1177734682,485.64022971943336
848,Spain,2012,53590.706,34.7,62.231,73.6666666667,31784.0,76.6325735824,82.5,,11.063375361,93.1177734682,487.9391815852
849,Spain,2013,53598.418,38.8,61.31,73.6666666667,31480.0,76.5145005094,83.2,6.8805823872,13.0270120227,93.1177734682,490.48493282366667
850,Spain,2014,53430.788,39.1,62.661,83.3333333333,31559.0,76.5885329703,83.3,6.97034017064,12.9815403076,94.7827313344,493.03068406213333
851,Spain,2015,54228.251,35.2,64.642,83.3333333333,32879.0,77.4075256084,83.0,7.06009795408,11.4457899111,94.7827313344,495.5764353006
852,Spain,2016,53926.995,35.6,66.604,83.3333333333,33625.0,77.6408435904,83.5,7.14985573752,9.5502113507,94.7827313344,492.5383731148
853,Spain,2017,53224.488,25.1,68.097,81.3333333333,34112.0,77.6698621755,83.4,7.23961352096,7.7083398867,91.6868047278,489.500310929
854,Spain,2018,53084.228,27.1,69.522,81.3333333333,34536.0,77.8231713934,83.5,7.3293713044,6.4025179992,91.6868047278,486.4622487432
855,Spain,2019,53700.459,22.0,70.609,81.3333333333,35533.0,78.5466472476,84.0,7.283615659566667,5.3688895787,91.6868047278,483.4241865574
856,Spain,2020,53463.182,22.8,68.663,80.3333333333,34875.0,79.0888885992,82.3,7.237860014733333,5.0202611796,93.1459859007,480.3861243716
857,Spain,2021,55356.659,21.6,70.294,80.3333333333,35908.0,78.7785042521,83.3,7.1921043699,6.2744124292,93.1459859007,477.3480621858
858,Spain,2022,53954.498,22.1,72.001,80.3333333333,35108.0,78.6297342333,83.2,7.1268416488,5.1314062902,93.1459859007,474.31
859,Spain,2023,54459.604,22.6,73.338,81.5,36537.0,80.1848418285,84.0,7.2269001128,4.2932275096,92.1724430822,
863,Sweden,2006,50273.23,8.3,80.921,71.0,34935.0,78.2243881704,81.0,,0.9129825703333334,92.7643960522,507.312880171
864,Sweden,2007,51961.973,7.6,82.02,71.0,36236.0,78.5949787868,81.1,,0.7533419084,92.7643960522,504.02506122643337
865,Sweden,2008,52957.345,9.9,82.382,71.0,36933.0,78.9281005656,81.3,,0.7191247202,92.0447340512,500.73724228186666
866,Sweden,2009,53136.007,8.8,80.866,71.0,37323.0,78.8159034966,81.5,,1.0304831282,92.0447340512,497.4494233373
867,Sweden,2010,53787.945,8.3,80.719,71.0,37933.0,78.7046984136,81.6,,1.4095170424,92.0447340512,492.74461745163336
868,Sweden,2011,54613.811,9.5,81.971,79.0,38655.0,79.2292327862,81.9,,1.3327921619,91.1209847234,488.03981156596666
869,Sweden,2012,55767.103,8.4,82.314,79.0,39566.0,79.9523091991,81.8,,1.2931661745,91.1209847234,483.3350056803
870,Sweden,2013,56389.216,7.7,82.626,79.0,39850.0,80.0686061168,82.0,7.9074822893,1.2506608816,91.1209847234,488.94187265243335
871,Sweden,2014,57017.496,7.9,82.769,76.0,40228.0,80.1337537448,82.3,7.88529918232,1.2144491946,91.8442617845,494.5487396245667
872,Sweden,2015,57866.957,7.1,83.11,76.0,40794.0,80.1495086697,82.2,7.86311607534,1.1642953257,91.8442617845,500.1556065967
873,Sweden,2016,58772.062,7.6,83.591,76.0,41798.0,80.3930357671,82.4,7.84093296836,1.0640580628,91.8442617845,502.03214455933335
874,Sweden,2017,59097.301,7.0,84.133,76.3333333333,41842.0,80.362757743,82.5,7.81874986138,0.9961086811,92.2745474807,503.9086825219667
875,Sweden,2018,59392.321,8.0,84.686,76.3333333333,41831.0,80.1760558439,82.6,7.7965667544,0.8085158237,92.2745474807,505.7852204846
876,Sweden,2019,60019.439,7.6,84.46,76.3333333333,42069.0,80.2115925562,83.2,7.729218535666666,0.7501319884,92.2745474807,501.08391536345005
877,Sweden,2020,60782.828,7.4,83.326,80.6666666667,41323.0,79.7042212412,82.4,7.661870316933333,0.9004638433,93.8173603759,496.3826102423
878,Sweden,2021,62240.011,7.4,82.641,80.6666666667,42765.0,79.5403392335,83.1,7.5945220982,1.4469323159,93.8173603759,491.68130512115
879,Sweden,2022,60566.698,7.2,84.12,80.6666666667,42704.0,80.1453286265,83.1,7.5102990697,1.5305434664,93.8173603759,486.98
880,Sweden,2023,59058.071,9.3,84.661,80.0,42089.0,81.0570033636,83.4,7.46415539,1.3170930931,92.1421392541,
881,Sweden,2024,60415.321,9.9,84.235,80.0,42260.0,,,7.4497328467,1.3757613565,92.1421392541,
884,Switzerland,2006,78428.306,,81.019,77.0,43636.0,78.9349412157,81.8,,1.564633938,94.1934326462,499.2777837981
885,Switzerland,2007,79355.894,8.1,81.976,76.66666666666667,44904.0,79.3316550916,82.0,8.22,1.4908280969,93.8483459731,499.6852597806667
886,Switzerland,2008,79783.509,8.567,83.133,76.33333333333333,44985.0,78.9071004066,82.3,8.128,1.1496931142,93.5032593,500.09273576323335
887,Switzerland,2009,81197.456,11.641,82.72,76.0,45257.0,79.1291999652,82.3,8.143,1.2515382908,93.1581726269,500.5002117458
888,Switzerland,2010,80823.349,11.311,80.43,76.66666666666667,45676.0,78.8504830485,82.7,8.152,1.726881543,93.57017689313334,503.34689106813335
889,Switzerland,2011,81342.649,12.829,81.525,77.33333333333333,45817.0,78.8010526628,82.8,8.151,1.7753509702,93.98218115936666,506.1935703904667
890,Switzerland,2012,82526.691,11.966,81.96,78.0,46491.0,78.8401802763,82.8,8.201,1.6601005131,94.3941854256,509.0402497128
891,Switzerland,2013,83599.467,11.876,81.761,80.83333333335,47206.0,79.0305431914,82.9,8.047416135,1.6127863326,94.1945377523,503.42624266983336
892,Switzerland,2014,83762.274,12.3,82.172,83.6666666667,47426.0,79.1118992872,83.3,8.018,1.8863823553,93.994890079,497.81223562686665
893,Switzerland,2015,84264.574,11.2,82.741,83.6666666667,47635.0,78.9285266498,83.0,7.949,1.9103128973,93.994890079,492.1982285839
894,Switzerland,2016,83965.905,12.7,82.997,83.6666666667,47842.0,78.8141296282,83.7,7.953,1.9650692376,93.994890079,489.4419541139
895,Switzerland,2017,83569.001,12.0,83.008,87.3333333333,47219.0,78.6300484442,83.7,7.961845982,1.8373156949,93.606401065,486.6856796439
896,Switzerland,2018,83328.535,12.0,83.431,87.3333333333,47192.0,78.5607439,83.8,7.963366268,1.8922741629,93.606401065,483.9294051739
897,Switzerland,2019,84911.132,12.2,84.102,87.3333333333,47798.0,78.5773319116,84.0,8.025741548,1.6809811218,93.606401065,483.779553880425
898,Switzerland,2020,83154.689,10.9,83.734,86.3333333333,49115.0,79.0480361328,83.1,8.078755342,1.6813589643,91.9178578661,483.62970258695
899,Switzerland,2021,86386.832,9.5,83.111,86.3333333333,48967.0,78.5535769252,83.9,7.894695279,2.1419111452,91.9178578661,483.479851293475
900,Switzerland,2022,87339.04,10.0,83.447,86.3333333333,49209.0,78.8792894261,83.7,7.9759560666,1.694775167,91.9178578661,483.33
901,Switzerland,2023,86535.328,9.9,84.134,87.5,48940.0,,84.3,7.8221484851,1.2707705541,91.2504634678,
926,Trkiye,2006,23581.01,59.2,49.635,50.5,,,73.4,,3.7343263203,79.8634462741,447.1411324913
927,Trkiye,2007,24392.658,61.6,49.554,50.5,,,73.7,,3.18671687,79.8634462741,452.8255467682
928,Trkiye,2008,24252.388,58.2,49.762,51.3333333333,,,73.9,,3.0134109537,72.6932139893,458.5099610451
929,Trkiye,2009,24527.374,60.8,49.27,51.3333333333,,78.0628067719,74.1,,3.6227760161,72.6932139893,464.194375322
930,Trkiye,2010,25137.487,58.75,51.516,51.3333333333,,78.2755549261,74.3,,3.4671345586,72.6932139893,467.96007230876666
931,Trkiye,2011,25543.945,56.7,53.55,56.0,,78.7439040812,74.6,,2.6493943447,73.4126505667,471.7257692955333
932,Trkiye,2012,26574.876,58.1,54.216,56.0,,78.8588462343,74.6,,2.3440882002,73.4126505667,475.4914662823
933,Trkiye,2013,27798.209,56.5,54.691,56.0,,79.4829476777,78.0,5.8,2.4204878049,73.4126505667,459.77267504633335
934,Trkiye,2014,28746.408,43.7,54.336,60.3333333333,,80.0601797573,78.0,5.78,2.0838997546,85.6384075972,444.05388381036664
935,Trkiye,2015,29471.369,45.1,54.931,60.3333333333,,80.4519762537,78.0,5.76,2.2232426422,85.6384075972,428.3350925744
936,Trkiye,2016,33097.871,33.1,55.497,60.3333333333,,80.9939972771,78.0,5.74,2.2877929688,85.6384075972,440.7672836123333
937,Trkiye,2017,32475.343,16.2,56.479,59.3333333333,,81.1870440198,78.3,5.72,2.4381711555,82.9640708716,453.19947465026667
938,Trkiye,2018,33061.616,13.6,56.747,59.3333333333,,81.188708847,78.6,5.7,2.5053423729,82.9640708716,465.6316656882
939,Trkiye,2019,35161.578,17.8,54.991,59.3333333333,,81.4717805673,78.3,5.666666666666667,3.2927987914,82.9640708716,463.24374926614996
940,Trkiye,2020,34948.959,22.0,52.508,57.0,,81.1582203926,77.7,5.633333333333333,3.3621811469,80.3521333275,460.85583284409995
941,Trkiye,2021,36232.508,29.9,55.149,57.0,,81.7125887584,77.5,5.6,3.8103674407,80.3521333275,458.46791642205
942,Trkiye,2022,35675.551,34.0,57.623,57.0,,81.120367995,77.3,5.4,2.5525530134,80.3521333275,456.08
947,United Kingdom,2006,60350.978,13.7,75.622,62.5,36441.0,75.0947493606,79.3,,1.2072441648,97.2709451582,495.0835095525
948,United Kingdom,2007,62815.579,13.6,75.76,62.5,37367.0,75.402599198,79.5,,1.2405472544,97.2709451582,494.78300971326667
949,United Kingdom,2008,61138.752,17.0,75.71,66.6666666667,36941.0,75.4264529577,79.6,,1.3892669587,95.5124777428,494.4825098740333
950,United Kingdom,2009,60961.878,16.8,74.596,66.6666666667,37288.0,76.0075758358,80.1,,1.9227711713,95.5124777428,494.1820100348
951,United Kingdom,2010,61224.207,16.4,74.53,66.6666666667,37383.0,75.7480305152,80.4,,2.5483826747,95.5124777428,495.89571178213333
952,United Kingdom,2011,60107.071,16.5,74.399,73.3333333333,36381.0,75.6616942321,80.7,7.42,2.7503914358,93.8450381876,497.6094135294667
953,United Kingdom,2012,59635.157,20.2,75.171,73.3333333333,36991.0,75.3493216864,80.8,7.46,2.8025117845,93.8450381876,499.3231152768
954,United Kingdom,2013,60147.759,21.1,75.942,73.3333333333,37439.0,75.2620038981,80.9,7.51,2.7900534904,93.8450381876,498.8727205641
955,United Kingdom,2014,60339.735,20.3,76.998,77.3333333333,38042.0,75.4217718922,81.1,7.61,2.3040531981,93.2232276365,498.4223258514
956,United Kingdom,2015,61166.958,16.4,77.761,77.3333333333,39863.0,75.6788184294,80.9,7.65,1.6720497088,93.2232276365,497.9719311387
957,United Kingdom,2016,61886.804,16.3,78.184,77.3333333333,39863.0,75.1144896219,81.0,7.68,1.3114596916,93.2232276365,499.95732389106666
958,United Kingdom,2017,62302.379,14.1,79.037,77.6666666667,40013.0,75.2954493887,81.1,7.69,1.1332741389,93.1860380662,501.9427166434333
959,United Kingdom,2018,62515.19,12.8,79.344,77.6666666667,40508.0,75.4266285529,81.0,7.71,1.0633073261,93.1860380662,503.9281093958
960,United Kingdom,2019,63237.752,8.1,79.975,77.6666666667,41164.0,75.9595817066,81.4,7.66,0.9508460607,93.1860380662,501.54608204684996
961,United Kingdom,2020,62432.983,7.2,79.642,73.6666666667,40112.0,76.1343293005,80.3,7.39,0.9489461756,88.0726183365,499.1640546979
962,United Kingdom,2021,63586.187,6.6,79.348,73.6666666667,41845.0,76.1627201037,80.5,7.54,1.2892382628,88.0726183365,496.78202734895
963,United Kingdom,2022,62476.54,7.2,79.786,73.6666666667,40701.0,75.7602363174,80.9,7.45,0.8789984841,88.0726183365,494.4
964,United Kingdom,2023,62797.046,,80.004,76.0,41002.0,76.4711790179,81.0,,0.8021716937,88.7610470659,
968,United States,2006,68978.508,,76.195,75.0,48397.0,80.6223023392,77.8,,0.4693686991,95.4894367935,
969,United States,2007,70283.563,,76.191,75.0,48951.0,80.64623704,78.1,,0.4651872792,94.0533322199,
970,United States,2008,70110.671,,75.517,76.6666666667,49383.0,80.6979705003,78.2,,0.6225495687,92.6172276463,
971,United States,2009,70813.355,,72.495,76.6666666667,49258.0,80.843858481,78.5,,1.524422632,92.6172276463,499.8268210825
972,United States,2010,71439.498,,71.796,76.6666666667,49708.0,81.0690661999,78.7,,2.8312245228,92.6172276463,499.07845340296666
973,United States,2011,71536.739,,71.654,74.6666666667,50287.0,81.4837817495,78.7,,2.8399075704,91.4648322336,498.33008572343334
974,United States,2012,72146.935,,72.181,74.6666666667,51201.0,81.9440436969,78.8,,2.3917940518,91.4648322336,497.5817180439
975,United States,2013,71827.448,,72.319,74.6666666667,50160.0,81.393893126,78.8,,1.9400572726,91.4648322336,497.3661778122667
976,United States,2014,72956.685,,72.983,74.3333333333,51344.0,81.6716171048,78.9,,1.4400093584,89.9312029547,497.1506375806333
977,United States,2015,74825.132,,73.392,74.3333333333,52840.0,81.9273111068,78.7,,1.0010548589,89.9312029547,496.935097349
978,United States,2016,74951.209,,73.94,74.3333333333,53495.0,81.9041603686,78.7,,0.8411022566,89.9312029547,499.7409884069333
979,United States,2017,75768.867,,74.616,73.0,54628.0,82.0939247748,78.6,,0.6655684422,91.310941678,502.54687946486666
980,United States,2018,76663.545,,75.298,73.0,56113.0,82.2233578135,78.7,,0.5256902613,91.310941678,505.3527705228
981,United States,2019,78044.387,,75.877,73.0,57594.0,82.3341318497,78.8,,0.4719803366,91.310941678,504.9995778921
982,United States,2020,82783.413,,71.795,74.6666666667,61133.0,82.7584405055,77.0,,0.4551546424,91.7846531329,504.6463852614
983,United States,2021,84211.21,,73.68,74.6666666667,63022.0,82.82143083,76.4,,1.2525918367,91.7846531329,504.2931926307
984,United States,2022,81837.833,,75.803,74.6666666667,59303.0,81.5091379943,77.5,,0.5567678184,91.7846531329,503.94
985,United States,2023,82078.428,,76.641,71.5,61353.0,81.7531067448,78.4,,0.4299402102,89.9140420971,
